guid,link,title,category,collected_at_utc
https://news.web.nhk/newsweb/na/nd-20260825de46187,https://news.web.nhk/newsweb/na/nd-20260825de46187,中野ブロードウェイの店舗で高級時計盗まれる 被害2億円相当か,主要,2026-08-25T07:05:00Z
https://news.web.nhk/newsweb/na/nd-20260824de46074,https://news.web.nhk/newsweb/na/nd-20260824de46074,台風18号 鹿児島 奄美地方や沖縄本島地方に接近へ 厳重警戒を,主要,2026-08-25T07:05:00Z
https://news.web.nhk/newsweb/na/nd-20260824de46075,https://news.web.nhk/newsweb/na/nd-20260824de46075,西日本では38度超 危険な暑さに 熱中症対策徹底を,主要,2026-08-25T07:05:00Z
https://news.web.nhk/newsweb/na/nd-20260825de46181,https://news.web.nhk/newsweb/na/nd-20260825de46181,赤澤経産相“イオンモール爆発”めぐり 事故調査委員会設置へ,主要,2026-08-25T07:05:00Z
https://news.web.nhk/newsweb/na/nd-20260825de46148,https://news.web.nhk/newsweb/na/nd-20260825de46148,相模原高校生死亡 バイク2台が車に追われ2人が暴行受けたか,主要,2026-08-25T07:05:00Z
https://news.web.nhk/newsweb/na/nd-20260825de46202,https://news.web.nhk/newsweb/na/nd-20260825de46202,新「マイナアプリ」提供開始 行政手続きを簡素化 デジタル庁,主要,2026-08-25T07:05:00Z
https://news.web.nhk/newsweb/na/nd-20260825de46170,https://news.web.nhk/newsweb/na/nd-20260825de46170,ホワイトソックス 村上宗隆 2試合ぶりヒットもチームは敗れる,主要,2026-08-25T07:05:00Z
https://news.web.nhk/newsweb/na/nd-20260825de46130,https://news.web.nhk/newsweb/na/nd-20260825de46130,噴射距離が短い？クマ撃退スプレー 調査で見えた「性能」の差,社会,2026-08-25T07:05:00Z
https://news.web.nhk/newsweb/na/nd-20260825de46202,https://news.web.nhk/newsweb/na/nd-20260825de46202,新「マイナアプリ」提供開始 行政手続きを簡素化 デジタル庁,社会,2026-08-25T07:05:00Z
https://news.web.nhk/newsweb/na/nd-20260825de46160,https://news.web.nhk/newsweb/na/nd-20260825de46160,福岡 海の中道大橋飲酒運転事故から20年 現場で追悼する人も,社会,2026-08-25T07:05:00Z
https://news.web.nhk/newsweb/na/nd-20260825de46187,https://news.web.nhk/newsweb/na/nd-20260825de46187,中野ブロードウェイの店舗で高級時計盗まれる 被害2億円相当か,社会,2026-08-25T07:05:00Z
https://news.web.nhk/newsweb/na/nd-20260825de46144,https://news.web.nhk/newsweb/na/nd-20260825de46144,警察白書に大川原化工機えん罪事件を初記載,社会,2026-08-25T07:05:00Z
https://news.web.nhk/newsweb/na/nd-20260825de46127,https://news.web.nhk/newsweb/na/nd-20260825de46127,東京 台東区 4億円窃盗事件 暴力団員に拘禁刑7年判決,社会,2026-08-25T07:05:00Z
https://news.web.nhk/newsweb/na/nd-20260825de46148,https://news.web.nhk/newsweb/na/nd-20260825de46148,相模原高校生死亡 バイク2台が車に追われ2人が暴行受けたか,社会,2026-08-25T07:05:00Z
https://news.web.nhk/newsweb/na/nd-20260825de46105,https://news.web.nhk/newsweb/na/nd-20260825de46105,熊本地震“炊き出しでイスラム教徒苦情”根拠ない情報拡散,社会,2026-08-25T07:05:00Z
https://news.web.nhk/newsweb/na/nd-20260824de46081,https://news.web.nhk/newsweb/na/nd-20260824de46081,相模原 高校生死亡 車に追われ農道逃げ込んだあと暴行受けたか,社会,2026-08-25T07:05:00Z
https://news.web.nhk/newsweb/na/nd-20260825de46103,https://news.web.nhk/newsweb/na/nd-20260825de46103,新潟 阿賀野 巨大な灯籠押し合う催しで男子高校生が挟まれ死亡,社会,2026-08-25T07:05:00Z
https://news.web.nhk/newsweb/na/nd-20260825de46099,https://news.web.nhk/newsweb/na/nd-20260825de46099,岐阜 大野町 住宅で成人とみられる3人の遺体見つかる,社会,2026-08-25T07:05:00Z
https://news.web.nhk/newsweb/na/nd-20260824de46070,https://news.web.nhk/newsweb/na/nd-20260824de46070,【動画】Pickup NEWS（8月25日）,社会,2026-08-25T07:05:00Z
https://news.web.nhk/newsweb/na/nd-20260824de46073,https://news.web.nhk/newsweb/na/nd-20260824de46073,秋篠宮ご夫妻　パラグアイで長年交流の学校を訪問,社会,2026-08-25T07:05:00Z
https://news.web.nhk/newsweb/na/nd-20260825de46092,https://news.web.nhk/newsweb/na/nd-20260825de46092,福岡県議会 藏内議長25日辞職の見通し ,社会,2026-08-25T07:05:00Z
https://news.web.nhk/newsweb/na/nd-20260824de46083,https://news.web.nhk/newsweb/na/nd-20260824de46083,除染土再生利用 さいたま市と仙台市の国の出先機関でも 都外初,社会,2026-08-25T07:05:00Z
https://news.web.nhk/newsweb/na/nd-20260825de46093,https://news.web.nhk/newsweb/na/nd-20260825de46093,イオンモール爆発事故 雑貨店運営会社 遺族に事実と異なる説明,社会,2026-08-25T07:05:00Z
https://news.web.nhk/newsweb/na/nd-20260824de46085,https://news.web.nhk/newsweb/na/nd-20260824de46085,「検察なめんな」 取り調べの録画に主任検事「相当ではない」,社会,2026-08-25T07:05:00Z
https://news.web.nhk/newsweb/na/nd-20260824de46079,https://news.web.nhk/newsweb/na/nd-20260824de46079,鹿児島 飲食店経営の49歳女性死亡 殺人事件として捜査,社会,2026-08-25T07:05:00Z
https://news.web.nhk/newsweb/na/nd-20260824de46056,https://news.web.nhk/newsweb/na/nd-20260824de46056,台風18号 25日以降沖縄と奄美に接近 猛烈な風のおそれ 備えを,社会,2026-08-25T07:05:00Z
https://news.web.nhk/newsweb/na/nd-20260824de46051,https://news.web.nhk/newsweb/na/nd-20260824de46051,田久保前伊東市長側が無罪主張へ「卒業証書は第三者が作成」,社会,2026-08-25T07:05:00Z
https://news.web.nhk/newsweb/na/nd-20260824de46068,https://news.web.nhk/newsweb/na/nd-20260824de46068,多摩川の河口付近で「クルーザーが座礁」9人けが　うち2人重傷,社会,2026-08-25T07:05:00Z
https://news.web.nhk/newsweb/na/nd-20260824de46033,https://news.web.nhk/newsweb/na/nd-20260824de46033,相模原 男子高校生死亡 直前に車に追いかけられたか捜査,社会,2026-08-25T07:05:00Z
https://news.web.nhk/newsweb/na/nd-20260824de46010,https://news.web.nhk/newsweb/na/nd-20260824de46010,長野 軽井沢町の小学校元講師 傷害罪で有罪判決確定へ,社会,2026-08-25T07:05:00Z
https://news.web.nhk/newsweb/na/nd-20260824de46024,https://news.web.nhk/newsweb/na/nd-20260824de46024,3歳長女を床に落とし骨折させたか 20代母親を逮捕 警視庁,社会,2026-08-25T07:05:00Z
https://news.web.nhk/newsweb/na/nd-20260824de45947,https://news.web.nhk/newsweb/na/nd-20260824de45947,熊本地震 災害関連死の疑い含め38人死亡 避難所に2684人避難,社会,2026-08-25T07:05:00Z
https://news.web.nhk/newsweb/na/nd-20260824de46006,https://news.web.nhk/newsweb/na/nd-20260824de46006,SNSチャット勧誘にもクーリング・オフ拡大案 消費者庁検討会,社会,2026-08-25T07:05:00Z
https://news.web.nhk/newsweb/na/nd-20260824de45954,https://news.web.nhk/newsweb/na/nd-20260824de45954,熊本地震 氷川町 断水解消で豆腐店が営業再開,社会,2026-08-25T07:05:00Z
https://news.web.nhk/newsweb/na/nd-20260824de45962,https://news.web.nhk/newsweb/na/nd-20260824de45962,売春めぐり相手方も規制を 法務省検討会が報告書案,社会,2026-08-25T07:05:00Z
https://news.web.nhk/newsweb/na/nd-20260824de45933,https://news.web.nhk/newsweb/na/nd-20260824de45933,秋篠宮ご夫妻 パラグアイ訪問“移住者や日系人と交流 有意義”,社会,2026-08-25T07:05:00Z
https://news.web.nhk/newsweb/na/nd-20260824de45952,https://news.web.nhk/newsweb/na/nd-20260824de45952,相模原 男子高校生死亡 暴行加えられたか 事件とみて捜査,社会,2026-08-25T07:05:00Z
https://news.web.nhk/newsweb/na/nd-20260824de45934,https://news.web.nhk/newsweb/na/nd-20260824de45934,福岡県議会 藏内勇夫議長が議員辞職願を提出,社会,2026-08-25T07:05:00Z
https://news.web.nhk/newsweb/na/nd-20260824de45929,https://news.web.nhk/newsweb/na/nd-20260824de45929,【運転再開】小田急線 新百合ヶ丘ー町田 上下線,社会,2026-08-25T07:05:00Z
https://news.web.nhk/newsweb/na/nd-20260823de45893,https://news.web.nhk/newsweb/na/nd-20260823de45893,【動画】Pickup NEWS（8月24日）,社会,2026-08-25T07:05:00Z
https://news.web.nhk/newsweb/na/nd-20260823de45899,https://news.web.nhk/newsweb/na/nd-20260823de45899,台風18号 25日以降沖縄・奄美に接近 猛烈な風のおそれ 備えを,社会,2026-08-25T07:05:00Z
https://news.web.nhk/newsweb/na/nd-20260823de45916,https://news.web.nhk/newsweb/na/nd-20260823de45916,秋篠宮ご夫妻 イグアスで移住者ねぎらう,社会,2026-08-25T07:05:00Z
https://news.web.nhk/newsweb/na/nd-20260823de45906,https://news.web.nhk/newsweb/na/nd-20260823de45906,東武鉄道4人死亡事故 複数のミス重なった疑い 警察 経緯解明へ,社会,2026-08-25T07:05:00Z
https://news.web.nhk/newsweb/na/nd-20260823de45895,https://news.web.nhk/newsweb/na/nd-20260823de45895,新方式で国産初の量子コンピューター稼働開始 分子科学研究所,社会,2026-08-25T07:05:00Z
https://news.web.nhk/newsweb/na/nd-20260823de45915,https://news.web.nhk/newsweb/na/nd-20260823de45915,裁判官3人で審理の事件 1人で審理のミス さいたま地裁熊谷支部,社会,2026-08-25T07:05:00Z
https://news.web.nhk/newsweb/na/nd-20260823de45878,https://news.web.nhk/newsweb/na/nd-20260823de45878,千葉豪雨 死者13人 浸水被害3900棟余 外房線全線再開,社会,2026-08-25T07:05:00Z
https://news.web.nhk/newsweb/na/nd-20260823de45877,https://news.web.nhk/newsweb/na/nd-20260823de45877,東武鉄道4人死亡事故 事故当日3本の列車は問題なく通過か,社会,2026-08-25T07:05:00Z
https://news.web.nhk/newsweb/na/nd-20260823de45875,https://news.web.nhk/newsweb/na/nd-20260823de45875,「シベリア抑留」追悼式 元抑留者や遺族“実態解明を”,社会,2026-08-25T07:05:00Z
https://news.web.nhk/newsweb/na/nd-20260823de45871,https://news.web.nhk/newsweb/na/nd-20260823de45871,千葉豪雨 浸水被害多数の大網白里市でNPOが住宅片づけの説明会,社会,2026-08-25T07:05:00Z
https://news.web.nhk/newsweb/na/nd-20260823de45847,https://news.web.nhk/newsweb/na/nd-20260823de45847,秋篠宮ご夫妻 パラグアイで日本人が初めて移住した地域を訪問,社会,2026-08-25T07:05:00Z
https://news.web.nhk/newsweb/na/nd-20260823de45829,https://news.web.nhk/newsweb/na/nd-20260823de45829,JR山手線 全線で運転再開　,社会,2026-08-25T07:05:00Z
https://news.web.nhk/newsweb/na/nd-20260823de45737,https://news.web.nhk/newsweb/na/nd-20260823de45737,東武鉄道子会社を業務上過失致死容疑で捜索 4人死亡事故 警察,社会,2026-08-25T07:05:00Z
https://news.web.nhk/newsweb/na/nd-20260823de45806,https://news.web.nhk/newsweb/na/nd-20260823de45806,大分 臼杵 79歳男性が死亡 熱中症か,社会,2026-08-25T07:05:00Z
https://news.web.nhk/newsweb/na/nd-20260822de45711,https://news.web.nhk/newsweb/na/nd-20260822de45711,【動画】Pickup NEWS（8月23日）,社会,2026-08-25T07:05:00Z
https://news.web.nhk/newsweb/na/nd-20260821de45598,https://news.web.nhk/newsweb/na/nd-20260821de45598,時間外労働「月45時間以内」一律指導取りやめ 連合は懸念示す,社会,2026-08-25T07:05:00Z
https://news.web.nhk/newsweb/na/nd-20260823de45767,https://news.web.nhk/newsweb/na/nd-20260823de45767,【地震】茨城 高速道路の被害確認されず 警察,社会,2026-08-25T07:05:00Z
https://news.web.nhk/newsweb/na/nd-20260823de45736,https://news.web.nhk/newsweb/na/nd-20260823de45736,JR外房線 きょう始発から全線で運転再開 地震の影響はなし,社会,2026-08-25T07:05:00Z
https://news.web.nhk/newsweb/na/nd-20260822de45718,https://news.web.nhk/newsweb/na/nd-20260822de45718,滋賀 野洲 化学工場で男性作業員2人が死亡 酸欠か,社会,2026-08-25T07:05:00Z
https://news.web.nhk/newsweb/na/nd-20260822de45675,https://news.web.nhk/newsweb/na/nd-20260822de45675,栃木4人死亡列車事故 運転士200メートル手前で進入許可認識か,社会,2026-08-25T07:05:00Z
https://news.web.nhk/newsweb/na/nd-20260822de45670,https://news.web.nhk/newsweb/na/nd-20260822de45670,青森 十和田 外国人観光客がクマに襲われけが 命に別状なし,社会,2026-08-25T07:05:00Z
https://news.web.nhk/newsweb/na/nd-20260822de45681,https://news.web.nhk/newsweb/na/nd-20260822de45681,夏の甲子園 期間中の熱中症疑い選手 のべ16人 去年より8人減,社会,2026-08-25T07:05:00Z
https://news.web.nhk/newsweb/na/nd-20260821de45572,https://news.web.nhk/newsweb/na/nd-20260821de45572,【動画】Pickup NEWS（8月22日）,社会,2026-08-25T07:05:00Z
https://news.web.nhk/newsweb/na/nd-20260822de45615,https://news.web.nhk/newsweb/na/nd-20260822de45615,千葉 路上の車両の所有者への引き渡し 警察などに協力求める,社会,2026-08-25T07:05:00Z
https://news.web.nhk/newsweb/na/nd-20260821de45603,https://news.web.nhk/newsweb/na/nd-20260821de45603,秋篠宮ご夫妻 日本人のパラグアイ移住90周年記念式典に,社会,2026-08-25T07:05:00Z
https://news.web.nhk/newsweb/na/nd-20260821de45608,https://news.web.nhk/newsweb/na/nd-20260821de45608,熊本 氷川町 レンコン農家 地震被害で例年より遅い収穫,社会,2026-08-25T07:05:00Z
https://news.web.nhk/newsweb/na/nd-20260822de45613,https://news.web.nhk/newsweb/na/nd-20260822de45613,栃木4人死亡事故 運転士「急ブレーキかけたが間に合わず」,社会,2026-08-25T07:05:00Z
https://news.web.nhk/newsweb/na/nd-20260821de45601,https://news.web.nhk/newsweb/na/nd-20260821de45601,千葉豪雨受け アンダーパスを緊急点検 3か所で異常 国交省,社会,2026-08-25T07:05:00Z
https://news.web.nhk/newsweb/na/nd-20260821de45512,https://news.web.nhk/newsweb/na/nd-20260821de45512,日本学術会議 新会員125人を公表 10月の特殊法人移行を前に,社会,2026-08-25T07:05:00Z
https://news.web.nhk/newsweb/na/nd-20260821de45590,https://news.web.nhk/newsweb/na/nd-20260821de45590,被害の千葉大病院支援 医療器具の洗浄設備貸し出し 東京科学大,社会,2026-08-25T07:05:00Z
https://news.web.nhk/newsweb/na/nd-20260821de45566,https://news.web.nhk/newsweb/na/nd-20260821de45566,法務省 ネット番組「ラヴ上等」とのタイアップ中止を発表,社会,2026-08-25T07:05:00Z
https://news.web.nhk/newsweb/na/nd-20260821de45578,https://news.web.nhk/newsweb/na/nd-20260821de45578,巧妙な落とし穴 知らないうちに“トバシ口座”に加担,社会,2026-08-25T07:05:00Z
https://news.web.nhk/newsweb/na/nd-20260821de45553,https://news.web.nhk/newsweb/na/nd-20260821de45553,証拠の使用制限を法制審諮問へ 検証難しくなるおそれ,社会,2026-08-25T07:05:00Z
https://news.web.nhk/newsweb/na/nd-20260821de45589,https://news.web.nhk/newsweb/na/nd-20260821de45589,第175回 芥川賞・直木賞の贈呈式,社会,2026-08-25T07:05:00Z
https://news.web.nhk/newsweb/na/nd-20260821de45583,https://news.web.nhk/newsweb/na/nd-20260821de45583,プロ目指した19歳ゴルフ場研修生自殺で労災認定 両親提訴 福島,社会,2026-08-25T07:05:00Z
https://news.web.nhk/newsweb/na/nd-20260821de45568,https://news.web.nhk/newsweb/na/nd-20260821de45568,秋田 風車の羽根落下事故 警察が立件見送る方針を遺族に伝える,社会,2026-08-25T07:05:00Z
https://news.web.nhk/newsweb/na/nd-20260821de45562,https://news.web.nhk/newsweb/na/nd-20260821de45562,愛子さま 滋賀県でリハビリ続ける子どもたちと交流,社会,2026-08-25T07:05:00Z
https://news.web.nhk/newsweb/na/nd-20260821de45556,https://news.web.nhk/newsweb/na/nd-20260821de45556,関東運輸局 東海汽船の事業停止処分検討で聴聞を実施,社会,2026-08-25T07:05:00Z
https://news.web.nhk/newsweb/na/nd-20260821de45571,https://news.web.nhk/newsweb/na/nd-20260821de45571,佐賀 長崎道鳥栖IC付近 部活バス含む車6台関係の事故 10人搬送,社会,2026-08-25T07:05:00Z
https://news.web.nhk/newsweb/na/nd-20260821de45534,https://news.web.nhk/newsweb/na/nd-20260821de45534,小学校で児童11人ハチに刺され軽いけが 広島 庄原市,社会,2026-08-25T07:05:00Z
https://news.web.nhk/newsweb/na/nd-20260821de45532,https://news.web.nhk/newsweb/na/nd-20260821de45532,中野サンプラザ再開発 中野区が新たな事業計画の骨子を示す,社会,2026-08-25T07:05:00Z
https://news.web.nhk/newsweb/na/nd-20260821de45513,https://news.web.nhk/newsweb/na/nd-20260821de45513,大量の食パンが大山に 「不法投棄にあたる」警察に相談 鳥取,社会,2026-08-25T07:05:00Z
https://news.web.nhk/newsweb/na/nd-20260821de45501,https://news.web.nhk/newsweb/na/nd-20260821de45501,千葉豪雨で大雨警報等の基準引き下げ 千葉市と八千代市で,社会,2026-08-25T07:05:00Z
https://news.web.nhk/newsweb/na/nd-20260821de45494,https://news.web.nhk/newsweb/na/nd-20260821de45494,パワハラ認定の横浜 山中竹春市長 国際会議の参加見送り,社会,2026-08-25T07:05:00Z
https://news.web.nhk/newsweb/na/nd-20260821de45468,https://news.web.nhk/newsweb/na/nd-20260821de45468,愛子さま 琵琶湖博物館でビワコオオナマズ鑑賞,社会,2026-08-25T07:05:00Z
https://news.web.nhk/newsweb/na/nd-20260821de45473,https://news.web.nhk/newsweb/na/nd-20260821de45473,静岡 清水区 建造中の船から出火し1人死亡 9人搬送,社会,2026-08-25T07:05:00Z
https://news.web.nhk/newsweb/na/nd-20260821de45451,https://news.web.nhk/newsweb/na/nd-20260821de45451,大阪パチンコ店放火殺人事件 高見素直死刑囚に死刑執行 ,社会,2026-08-25T07:05:00Z
https://news.web.nhk/newsweb/na/nd-20260820de45393,https://news.web.nhk/newsweb/na/nd-20260820de45393,【動画】Pickup NEWS（8月21日）,社会,2026-08-25T07:05:00Z
https://news.web.nhk/newsweb/na/nd-20260821de45425,https://news.web.nhk/newsweb/na/nd-20260821de45425,政府 来週にも熊本地震で支援パッケージ 観光振興「応援割」も,社会,2026-08-25T07:05:00Z
https://news.web.nhk/newsweb/na/nd-20260821de45430,https://news.web.nhk/newsweb/na/nd-20260821de45430,秋篠宮ご夫妻 パラグアイ大統領を表敬訪問,社会,2026-08-25T07:05:00Z
https://news.web.nhk/newsweb/na/nd-20260821de45429,https://news.web.nhk/newsweb/na/nd-20260821de45429,東武日光線 4人死亡列車事故 ホーム下に緊急避難スペースなし,社会,2026-08-25T07:05:00Z
https://news.web.nhk/newsweb/na/nd-20260821de45436,https://news.web.nhk/newsweb/na/nd-20260821de45436,みなとみらい線 運転再開,社会,2026-08-25T07:05:00Z
https://news.web.nhk/newsweb/na/nd-20260820de45411,https://news.web.nhk/newsweb/na/nd-20260820de45411,非上場企業の株式 新たな評価方式の案を公表 国税庁,社会,2026-08-25T07:05:00Z
https://news.web.nhk/newsweb/na/nd-20260820de45371,https://news.web.nhk/newsweb/na/nd-20260820de45371,福岡 天神 女性殺害事件 退勤5時間後に女性いないと知人が通報,社会,2026-08-25T07:05:00Z
https://news.web.nhk/newsweb/na/nd-20260820de45212,https://news.web.nhk/newsweb/na/nd-20260820de45212,高校無償化で私立人気が高まる 公立高校の志願者全国で4％余減,社会,2026-08-25T07:05:00Z
https://news.web.nhk/newsweb/na/nd-20260820de45347,https://news.web.nhk/newsweb/na/nd-20260820de45347,熊本地震 車中泊などで死亡は災害関連死か 自治体に相談相次ぐ,社会,2026-08-25T07:05:00Z
https://news.web.nhk/newsweb/na/nd-20260820de45231,https://news.web.nhk/newsweb/na/nd-20260820de45231,熊本 住宅狙う空き巣対策でパトロール強化【被災地の動き】,社会,2026-08-25T07:05:00Z
https://news.web.nhk/newsweb/na/nd-20260820de45331,https://news.web.nhk/newsweb/na/nd-20260820de45331,強盗予備の疑いで新たに18歳を逮捕 指示役兼リクルート役か,社会,2026-08-25T07:05:00Z
https://news.web.nhk/newsweb/na/nd-20260820de45351,https://news.web.nhk/newsweb/na/nd-20260820de45351,愛子さま 大阪でフェルメールの作品を鑑賞,社会,2026-08-25T07:05:00Z
https://news.web.nhk/newsweb/na/nd-20260820de45326,https://news.web.nhk/newsweb/na/nd-20260820de45326,日本製紙八代工場 地震で先端損傷の煙突 来月中旬めど撤去へ,社会,2026-08-25T07:05:00Z
https://news.web.nhk/newsweb/na/nd-20260820de45335,https://news.web.nhk/newsweb/na/nd-20260820de45335,北朝鮮が複数の弾道ミサイル発射 日本のEEZ外に落下か 防衛省,社会,2026-08-25T07:05:00Z
https://news.web.nhk/newsweb/na/nd-20260820de45313,https://news.web.nhk/newsweb/na/nd-20260820de45313,熊本地震 八代市長が農業用水確保などの支援を鈴木農相に要請,社会,2026-08-25T07:05:00Z
https://news.web.nhk/newsweb/na/nd-20260820de45309,https://news.web.nhk/newsweb/na/nd-20260820de45309,イオンが事故調査委員会を発足 爆発事故の原因など究明へ,社会,2026-08-25T07:05:00Z
https://news.web.nhk/newsweb/na/nd-20260820de45300,https://news.web.nhk/newsweb/na/nd-20260820de45300,首都高 中央環状線内回りで車両火災 通行止め解除,社会,2026-08-25T07:05:00Z
https://news.web.nhk/newsweb/na/nd-20260820de45290,https://news.web.nhk/newsweb/na/nd-20260820de45290,火星衛星探査機「MMX」10月20日打ち上げ JAXA発表,社会,2026-08-25T07:05:00Z
https://news.web.nhk/newsweb/na/nd-20260820de45277,https://news.web.nhk/newsweb/na/nd-20260820de45277,三重 釣り客2人死亡の衝突事故 遊漁船船長を書類送検 鳥羽海保,社会,2026-08-25T07:05:00Z
https://news.web.nhk/newsweb/na/nd-20260820de45252,https://news.web.nhk/newsweb/na/nd-20260820de45252,福岡 天神の川でネパール国籍の女性の遺体 殺人事件として捜査,社会,2026-08-25T07:05:00Z
https://news.web.nhk/newsweb/na/nd-20260820de45242,https://news.web.nhk/newsweb/na/nd-20260820de45242,栃木 東武日光線の駅で作業員4人が特急と接触し死亡,社会,2026-08-25T07:05:00Z
https://news.web.nhk/newsweb/na/nd-20260820de45224,https://news.web.nhk/newsweb/na/nd-20260820de45224,成田空港で旅客機エンジンから煙 けが人なし 滑走路は再開,社会,2026-08-25T07:05:00Z
https://news.web.nhk/newsweb/na/nd-20260820de45196,https://news.web.nhk/newsweb/na/nd-20260820de45196,大気不安定 福島県で猛烈な雨 北日本東日本中心にあすも雨注意,社会,2026-08-25T07:05:00Z
https://news.web.nhk/newsweb/na/nd-20260820de45198,https://news.web.nhk/newsweb/na/nd-20260820de45198,熊本地震 あすも被災地は猛烈な暑さに 午後は局地的な雨に注意,社会,2026-08-25T07:05:00Z
https://news.web.nhk/newsweb/na/nd-20260819de45141,https://news.web.nhk/newsweb/na/nd-20260819de45141,【動画】Pickup NEWS（8月20日）,社会,2026-08-25T07:05:00Z
https://news.web.nhk/newsweb/na/nd-20260819de45170,https://news.web.nhk/newsweb/na/nd-20260819de45170,秋篠宮ご夫妻パラグアイに到着,社会,2026-08-25T07:05:00Z
https://news.web.nhk/newsweb/na/nd-20260819de45161,https://news.web.nhk/newsweb/na/nd-20260819de45161,神戸 女性殺害事件1年「面識ない」ストーカー相談 兵庫で増加,社会,2026-08-25T07:05:00Z
https://news.web.nhk/newsweb/na/nd-20260819de45169,https://news.web.nhk/newsweb/na/nd-20260819de45169,鎌倉時代の「元寇の矢」見つかる 元が南宋から接収し転用か,社会,2026-08-25T07:05:00Z
https://news.web.nhk/newsweb/na/nd-20260819de45168,https://news.web.nhk/newsweb/na/nd-20260819de45168,「OTC類似薬」追加負担めぐり 患者など団体が会見,社会,2026-08-25T07:05:00Z
https://news.web.nhk/newsweb/na/nd-20260819de45162,https://news.web.nhk/newsweb/na/nd-20260819de45162,個人情報保護委 KDDIに行政指導 メールアドレスなど流出で,社会,2026-08-25T07:05:00Z
https://news.web.nhk/newsweb/na/nd-20260819de45159,https://news.web.nhk/newsweb/na/nd-20260819de45159,IT企業に不正アクセスで顧客個人情報136万件漏えいの可能性,社会,2026-08-25T07:05:00Z
https://news.web.nhk/newsweb/na/nd-20260819de45130,https://news.web.nhk/newsweb/na/nd-20260819de45130,天皇ご一家 千葉豪雨の被災者に 側近通じお見舞い,社会,2026-08-25T07:05:00Z
https://news.web.nhk/newsweb/na/nd-20260819de44985,https://news.web.nhk/newsweb/na/nd-20260819de44985,車水没 ドラレコに記録 「このまま行けると思ったが…」,社会,2026-08-25T07:05:00Z
https://news.web.nhk/newsweb/na/nd-20260819de45109,https://news.web.nhk/newsweb/na/nd-20260819de45109,千葉県は豪雨の死者・行方不明者の氏名は公表せず,社会,2026-08-25T07:05:00Z
https://news.web.nhk/newsweb/na/nd-20260819de45091,https://news.web.nhk/newsweb/na/nd-20260819de45091,埼玉 交通トラブル相手の車 踏切内閉じ込めか 殺人未遂で逮捕,社会,2026-08-25T07:05:00Z
https://news.web.nhk/newsweb/na/nd-20260819de45125,https://news.web.nhk/newsweb/na/nd-20260819de45125,東京 江東区新木場 都営バスとトレーラーが衝突 7人けが,社会,2026-08-25T07:05:00Z
https://news.web.nhk/newsweb/na/nd-20260819de45073,https://news.web.nhk/newsweb/na/nd-20260819de45073,天皇皇后両陛下 アジア大会開会式出席で9月に愛知県へ,社会,2026-08-25T07:05:00Z
https://news.web.nhk/newsweb/na/nd-20260819de45075,https://news.web.nhk/newsweb/na/nd-20260819de45075,解約後も請求続く服レンタル業者 国民生活センターが注意喚起,社会,2026-08-25T07:05:00Z
https://news.web.nhk/newsweb/na/nd-20260819de44981,https://news.web.nhk/newsweb/na/nd-20260819de44981,千葉豪雨 停電続くマンション 住民“一日も早い復旧を”,社会,2026-08-25T07:05:00Z
https://news.web.nhk/newsweb/na/nd-20260819de45067,https://news.web.nhk/newsweb/na/nd-20260819de45067,宮崎 小林 眼科医院の駐車場で車突っ込む 女性死亡,社会,2026-08-25T07:05:00Z
https://news.web.nhk/newsweb/na/nd-20260819de45066,https://news.web.nhk/newsweb/na/nd-20260819de45066,佳子さま 沖縄の「豆記者」と懇談,社会,2026-08-25T07:05:00Z
https://news.web.nhk/newsweb/na/nd-20260819de45037,https://news.web.nhk/newsweb/na/nd-20260819de45037,大飯原発3号機の発電機停止 原因は 調査で運転再開時期は未定,社会,2026-08-25T07:05:00Z
https://news.web.nhk/newsweb/na/nd-20260819de45028,https://news.web.nhk/newsweb/na/nd-20260819de45028,千葉豪雨 冠水道路で死亡の男性 知人「地域のために働く人」,社会,2026-08-25T07:05:00Z
https://news.web.nhk/newsweb/na/nd-20260819de45003,https://news.web.nhk/newsweb/na/nd-20260819de45003,暑さから子どもたちを守る 夏休み中の「学童保育」 対策は?,社会,2026-08-25T07:05:00Z
https://news.web.nhk/newsweb/na/nd-20260819de44943,https://news.web.nhk/newsweb/na/nd-20260819de44943,万博工事費水増しし自宅改修か 竹中工務店社員 背任容疑で逮捕,社会,2026-08-25T07:05:00Z
https://news.web.nhk/newsweb/na/nd-20260819de44973,https://news.web.nhk/newsweb/na/nd-20260819de44973,世田谷ストーカー殺人事件 韓国籍被告の初公判 殺人は無罪主張,社会,2026-08-25T07:05:00Z
https://news.web.nhk/newsweb/na/nd-20260819de44980,https://news.web.nhk/newsweb/na/nd-20260819de44980,俳優の岸惠子さん死去 93歳 映画「君の名は」など出演,社会,2026-08-25T07:05:00Z
https://news.web.nhk/newsweb/na/nd-20260818de44913,https://news.web.nhk/newsweb/na/nd-20260818de44913,【地震情報】熊本で震度3 津波の心配なし,社会,2026-08-25T07:05:00Z
https://news.web.nhk/newsweb/na/nd-20260818de44881,https://news.web.nhk/newsweb/na/nd-20260818de44881,【動画】Pickup NEWS（8月19日）,社会,2026-08-25T07:05:00Z
https://news.web.nhk/newsweb/na/nd-20260818de44828,https://news.web.nhk/newsweb/na/nd-20260818de44828,熊本地震 災害関連死の疑い含め39人死亡 避難所に2966人避難,社会,2026-08-25T07:05:00Z
https://news.web.nhk/newsweb/na/nd-20260825de46130,https://news.web.nhk/newsweb/na/nd-20260825de46130,噴射距離が短い？クマ撃退スプレー 調査で見えた「性能」の差,暮らし,2026-08-25T07:05:00Z
https://news.web.nhk/newsweb/na/nd-20260824de46046,https://news.web.nhk/newsweb/na/nd-20260824de46046,円相場 イランへの経済制裁見据え値下がり,暮らし,2026-08-25T07:05:00Z
https://news.web.nhk/newsweb/na/nd-20260824de46001,https://news.web.nhk/newsweb/na/nd-20260824de46001,おせち商戦 デパート各社 物価高で価格抑えた商品販売にも力,暮らし,2026-08-25T07:05:00Z
https://news.web.nhk/newsweb/na/nd-20260824de46045,https://news.web.nhk/newsweb/na/nd-20260824de46045,損保ジャパン 自動車保険料を来年1月に平均5％引き上げ,暮らし,2026-08-25T07:05:00Z
https://news.web.nhk/newsweb/na/nd-20260824de45945,https://news.web.nhk/newsweb/na/nd-20260824de45945,中古マンション価格 東京23区は2か月連続下落 都心は頭打ちか?,暮らし,2026-08-25T07:05:00Z
https://news.web.nhk/newsweb/na/nd-20260823de45888,https://news.web.nhk/newsweb/na/nd-20260823de45888,経産省など 家事支援・ベビーシッター利用の税制優遇を要望へ,暮らし,2026-08-25T07:05:00Z
https://news.web.nhk/newsweb/na/nd-20260823de45889,https://news.web.nhk/newsweb/na/nd-20260823de45889,SNSの子どもへの影響 IT大手で被害未然防止の取り組み広がる,暮らし,2026-08-25T07:05:00Z
https://news.web.nhk/newsweb/na/nd-20260820de45389,https://news.web.nhk/newsweb/na/nd-20260820de45389,熊本地震で被害 八代市長が井戸修理支援を赤間防災相に要望,暮らし,2026-08-25T07:05:00Z
https://news.web.nhk/newsweb/na/nd-20260820de45212,https://news.web.nhk/newsweb/na/nd-20260820de45212,高校無償化で私立人気が高まる 公立高校の志願者全国で4％余減,暮らし,2026-08-25T07:05:00Z
https://news.web.nhk/newsweb/na/nd-20260825de46158,https://news.web.nhk/newsweb/na/nd-20260825de46158,「科研費」倍増の約4500億円要求へ 文科省が来年度予算で,科学・文化,2026-08-25T07:05:00Z
https://news.web.nhk/newsweb/na/nd-20260824de46018,https://news.web.nhk/newsweb/na/nd-20260824de46018,人工衛星活用し旬のキャベツ届ける取り組み開始 JAXAなど,科学・文化,2026-08-25T07:05:00Z
https://news.web.nhk/newsweb/na/nd-20260823de45901,https://news.web.nhk/newsweb/na/nd-20260823de45901,ABUロボコン香港で開催 地元の香港大学が優勝,科学・文化,2026-08-25T07:05:00Z
https://news.web.nhk/newsweb/na/nd-20260823de45895,https://news.web.nhk/newsweb/na/nd-20260823de45895,新方式で国産初の量子コンピューター稼働開始 分子科学研究所,科学・文化,2026-08-25T07:05:00Z
https://news.web.nhk/newsweb/na/nd-20260823de45846,https://news.web.nhk/newsweb/na/nd-20260823de45846,北京で2回目の人型ロボット運動会 人類記録上回るなど性能向上,科学・文化,2026-08-25T07:05:00Z
https://news.web.nhk/newsweb/na/nd-20260823de45876,https://news.web.nhk/newsweb/na/nd-20260823de45876,報道写真家の石川文洋さん死去 ベトナム戦争など最前線で取材,科学・文化,2026-08-25T07:05:00Z
https://news.web.nhk/newsweb/na/nd-20260823de45735,https://news.web.nhk/newsweb/na/nd-20260823de45735,NASA 次世代宇宙望遠鏡打ち上げへ 視野は従来型の100倍超え,科学・文化,2026-08-25T07:05:00Z
https://news.web.nhk/newsweb/na/nd-20260822de45705,https://news.web.nhk/newsweb/na/nd-20260822de45705,初の女性プロ棋士資格かけた「白玲戦」 西山朋佳は初戦白星,科学・文化,2026-08-25T07:05:00Z
https://news.web.nhk/newsweb/na/nd-20260821de45512,https://news.web.nhk/newsweb/na/nd-20260821de45512,日本学術会議 新会員125人を公表 10月の特殊法人移行を前に,科学・文化,2026-08-25T07:05:00Z
https://news.web.nhk/newsweb/na/nd-20260821de45580,https://news.web.nhk/newsweb/na/nd-20260821de45580,囲碁 碁聖戦 井山碁聖が佐田七段に勝って６連覇,科学・文化,2026-08-25T07:05:00Z
https://news.web.nhk/newsweb/na/nd-20260820de45408,https://news.web.nhk/newsweb/na/nd-20260820de45408,柏崎刈羽原発で運転員が他人のIDカードで不適切に退室,科学・文化,2026-08-25T07:05:00Z
https://news.web.nhk/newsweb/na/nd-20260820de45306,https://news.web.nhk/newsweb/na/nd-20260820de45306,スリーマイル島原発廃炉 初取材 AI需要で隣接原子炉再稼働へ　,科学・文化,2026-08-25T07:05:00Z
https://news.web.nhk/newsweb/na/nd-20260819de45080,https://news.web.nhk/newsweb/na/nd-20260819de45080,フェルメール代表作「真珠の耳飾りの少女」14年ぶり来日公開へ,科学・文化,2026-08-25T07:05:00Z
https://news.web.nhk/newsweb/na/nd-20260819de45169,https://news.web.nhk/newsweb/na/nd-20260819de45169,鎌倉時代の「元寇の矢」見つかる 元が南宋から接収し転用か,科学・文化,2026-08-25T07:05:00Z
https://news.web.nhk/newsweb/na/nd-20260819de45099,https://news.web.nhk/newsweb/na/nd-20260819de45099,火星衛星探査機「MMX」 10月20日に打ち上げで調整,科学・文化,2026-08-25T07:05:00Z
https://news.web.nhk/newsweb/na/nd-20260819de45037,https://news.web.nhk/newsweb/na/nd-20260819de45037,大飯原発3号機の発電機停止 原因は 調査で運転再開時期は未定,科学・文化,2026-08-25T07:05:00Z
https://news.web.nhk/newsweb/na/nd-20260825de46194,https://news.web.nhk/newsweb/na/nd-20260825de46194,自民税調 消費税1％へ議論開始 9月半ばまでに税制改正大綱,政治,2026-08-25T07:05:00Z
https://news.web.nhk/newsweb/na/nd-20260825de46146,https://news.web.nhk/newsweb/na/nd-20260825de46146,政府 外国人の在留許可手数料 10月から引き上げ決定 ,政治,2026-08-25T07:05:00Z
https://news.web.nhk/newsweb/na/nd-20260825de46165,https://news.web.nhk/newsweb/na/nd-20260825de46165,高市首相 役職希望アンケート「まとまりしだい確認」,政治,2026-08-25T07:05:00Z
https://news.web.nhk/newsweb/na/nd-20260825de46155,https://news.web.nhk/newsweb/na/nd-20260825de46155,自民 熊本地震受け政府に提言へ 災害関連死防止など ,政治,2026-08-25T07:05:00Z
https://news.web.nhk/newsweb/na/nd-20260825de46168,https://news.web.nhk/newsweb/na/nd-20260825de46168,福岡県議会 藏内議長「本日議員辞職する」理由説明せず,政治,2026-08-25T07:05:00Z
https://news.web.nhk/newsweb/na/nd-20260825de46110,https://news.web.nhk/newsweb/na/nd-20260825de46110,高市首相動静 2026年8月24日,政治,2026-08-25T07:05:00Z
https://news.web.nhk/newsweb/na/nd-20260824de46071,https://news.web.nhk/newsweb/na/nd-20260824de46071,消費税減税 「総額表示」に特例検討へ 事業者負担軽減で,政治,2026-08-25T07:05:00Z
https://news.web.nhk/newsweb/na/nd-20260825de46100,https://news.web.nhk/newsweb/na/nd-20260825de46100,高市首相 ウクライナ支援首脳会合に参加“対ロ制裁取り組む”,政治,2026-08-25T07:05:00Z
https://news.web.nhk/newsweb/na/nd-20260824de46065,https://news.web.nhk/newsweb/na/nd-20260824de46065,福岡県議会 藏内議長 議員辞職の意向 態度を一転 その訳は,政治,2026-08-25T07:05:00Z
https://news.web.nhk/newsweb/na/nd-20260824de46043,https://news.web.nhk/newsweb/na/nd-20260824de46043,超党派議連 ICC制裁で非難声明「明確な抗議と制裁の撤回を」,政治,2026-08-25T07:05:00Z
https://news.web.nhk/newsweb/na/nd-20260824de46036,https://news.web.nhk/newsweb/na/nd-20260824de46036,政府 化学兵器テロ備え行動計画 専門家会議創設など盛り込む,政治,2026-08-25T07:05:00Z
https://news.web.nhk/newsweb/na/nd-20260824de46008,https://news.web.nhk/newsweb/na/nd-20260824de46008,木原官房長官“北朝鮮による拉致問題解決へ覚悟持ち取り組む”,政治,2026-08-25T07:05:00Z
https://news.web.nhk/newsweb/na/nd-20260824de46000,https://news.web.nhk/newsweb/na/nd-20260824de46000,茂木外相“ICC所長赤根氏は日本の国際司法 役割強化の表れ”,政治,2026-08-25T07:05:00Z
https://news.web.nhk/newsweb/na/nd-20260824de45982,https://news.web.nhk/newsweb/na/nd-20260824de45982,木原官房長官 内閣改造・自民党役員人事「高市首相が決める」,政治,2026-08-25T07:05:00Z
https://news.web.nhk/newsweb/na/nd-20260824de45992,https://news.web.nhk/newsweb/na/nd-20260824de45992,小野田大臣“サイバー攻撃事案など踏まえ必要な予算確保を”,政治,2026-08-25T07:05:00Z
https://news.web.nhk/newsweb/na/nd-20260824de45974,https://news.web.nhk/newsweb/na/nd-20260824de45974,木原官房長官 北朝鮮対応でアメリカ政府などと緊密連携,政治,2026-08-25T07:05:00Z
https://news.web.nhk/newsweb/na/nd-20260824de45996,https://news.web.nhk/newsweb/na/nd-20260824de45996,北朝鮮国営メディア 高市首相の靖国神社へのよう拝など非難,政治,2026-08-25T07:05:00Z
https://news.web.nhk/newsweb/na/nd-20260824de45976,https://news.web.nhk/newsweb/na/nd-20260824de45976,木原官房長官 ICC赤根所長と緊密に意思疎通 必要な支援行う,政治,2026-08-25T07:05:00Z
https://news.web.nhk/newsweb/na/nd-20260824de45969,https://news.web.nhk/newsweb/na/nd-20260824de45969,立民 参議院議員会長に党代表の水岡俊一氏が再任へ,政治,2026-08-25T07:05:00Z
https://news.web.nhk/newsweb/na/nd-20260824de45948,https://news.web.nhk/newsweb/na/nd-20260824de45948,超党派議員が北京へ 中国共産党関係者と会談 関係改善糸口探る,政治,2026-08-25T07:05:00Z
https://news.web.nhk/newsweb/na/nd-20260824de45962,https://news.web.nhk/newsweb/na/nd-20260824de45962,売春めぐり相手方も規制を 法務省検討会が報告書案,政治,2026-08-25T07:05:00Z
https://news.web.nhk/newsweb/na/nd-20260824de45968,https://news.web.nhk/newsweb/na/nd-20260824de45968,綿貫民輔 元衆院議長が死去 99歳,政治,2026-08-25T07:05:00Z
https://news.web.nhk/newsweb/na/nd-20260824de45934,https://news.web.nhk/newsweb/na/nd-20260824de45934,福岡県議会 藏内勇夫議長が議員辞職願を提出,政治,2026-08-25T07:05:00Z
https://news.web.nhk/newsweb/na/nd-20260824de45931,https://news.web.nhk/newsweb/na/nd-20260824de45931,高市首相動静 2026年8月21日から23日,政治,2026-08-25T07:05:00Z
https://news.web.nhk/newsweb/na/nd-20260823de45896,https://news.web.nhk/newsweb/na/nd-20260823de45896,立民 3党合流 現時点で困難の見方広がる 執行部の判断が焦点に,政治,2026-08-25T07:05:00Z
https://news.web.nhk/newsweb/na/nd-20260823de45891,https://news.web.nhk/newsweb/na/nd-20260823de45891,立民 水岡代表 3党合流 地方組織の意見踏まえ今週中にも結論を,政治,2026-08-25T07:05:00Z
https://news.web.nhk/newsweb/na/nd-20260822de45659,https://news.web.nhk/newsweb/na/nd-20260822de45659,電子投票で投票どう変わる？視覚障害者の“取り残される思い”,政治,2026-08-25T07:05:00Z
https://news.web.nhk/newsweb/na/nd-20260823de45759,https://news.web.nhk/newsweb/na/nd-20260823de45759,【地震】高市首相“被害状況の把握など指示”SNS投稿,政治,2026-08-25T07:05:00Z
https://news.web.nhk/newsweb/na/nd-20260822de45666,https://news.web.nhk/newsweb/na/nd-20260822de45666,自民 小林政調会長 税制改正大綱速やかに 農業など支援策議論,政治,2026-08-25T07:05:00Z
https://news.web.nhk/newsweb/na/nd-20260822de45656,https://news.web.nhk/newsweb/na/nd-20260822de45656,熊本地震支援 「応援割」念頭に観光需要喚起策 木原官房長官,政治,2026-08-25T07:05:00Z
https://news.web.nhk/newsweb/na/nd-20260822de45640,https://news.web.nhk/newsweb/na/nd-20260822de45640,国民民主党 代表選挙が告示 玉木氏と橋本氏が立候補,政治,2026-08-25T07:05:00Z
https://news.web.nhk/newsweb/na/nd-20260822de45638,https://news.web.nhk/newsweb/na/nd-20260822de45638,高市首相 SNSで政策発信強化 理解広めるねらいも,政治,2026-08-25T07:05:00Z
https://news.web.nhk/newsweb/na/nd-20260821de45600,https://news.web.nhk/newsweb/na/nd-20260821de45600,内閣改造と党役員人事 来月の見方広がる 鈴木幹事長の続投焦点,政治,2026-08-25T07:05:00Z
https://news.web.nhk/newsweb/na/nd-20260821de45596,https://news.web.nhk/newsweb/na/nd-20260821de45596,経産省 ラピダス出資に1500億円要求へ 来年度予算の概算要求で,政治,2026-08-25T07:05:00Z
https://news.web.nhk/newsweb/na/nd-20260821de45593,https://news.web.nhk/newsweb/na/nd-20260821de45593,消費税減税で自治体財政への措置を要望へ 総務省 概算要求で,政治,2026-08-25T07:05:00Z
https://news.web.nhk/newsweb/na/nd-20260821de45591,https://news.web.nhk/newsweb/na/nd-20260821de45591,超党派議員が来週訪中 中国外務省「正しい軌道への努力 留意」,政治,2026-08-25T07:05:00Z
https://news.web.nhk/newsweb/na/nd-20260821de45566,https://news.web.nhk/newsweb/na/nd-20260821de45566,法務省 ネット番組「ラヴ上等」とのタイアップ中止を発表,政治,2026-08-25T07:05:00Z
https://news.web.nhk/newsweb/na/nd-20260821de45582,https://news.web.nhk/newsweb/na/nd-20260821de45582,高市首相「信頼なければ政治成り立たない」中傷動画報道で説明,政治,2026-08-25T07:05:00Z
https://news.web.nhk/newsweb/na/nd-20260821de45549,https://news.web.nhk/newsweb/na/nd-20260821de45549,国債利払い費の想定金利は3.8％調整 国債費も膨張へ 概算要求,政治,2026-08-25T07:05:00Z
https://news.web.nhk/newsweb/na/nd-20260821de45559,https://news.web.nhk/newsweb/na/nd-20260821de45559,熊本地震 個人の井戸復旧を災害救助費で支援可能に 高市首相,政治,2026-08-25T07:05:00Z
https://news.web.nhk/newsweb/na/nd-20260821de45527,https://news.web.nhk/newsweb/na/nd-20260821de45527,赤間防災相 千葉豪雨の被災地を視察 復旧復興の支援急ぐ考え,政治,2026-08-25T07:05:00Z
https://news.web.nhk/newsweb/na/nd-20260821de45560,https://news.web.nhk/newsweb/na/nd-20260821de45560,千葉豪雨 普通交付税約87億円 繰り上げて交付 総務省,政治,2026-08-25T07:05:00Z
https://news.web.nhk/newsweb/na/nd-20260821de45576,https://news.web.nhk/newsweb/na/nd-20260821de45576,熊本地震 激甚指定追加で被災私立学校の復旧も支援へ 官房長官,政治,2026-08-25T07:05:00Z
https://news.web.nhk/newsweb/na/nd-20260821de45505,https://news.web.nhk/newsweb/na/nd-20260821de45505,企業の法務業務へのAI活用で新指針 法務省,政治,2026-08-25T07:05:00Z
https://news.web.nhk/newsweb/na/nd-20260821de45520,https://news.web.nhk/newsweb/na/nd-20260821de45520,自民 プーチン氏北方領土訪問容認できず 対話求める声も,政治,2026-08-25T07:05:00Z
https://news.web.nhk/newsweb/na/nd-20260821de45510,https://news.web.nhk/newsweb/na/nd-20260821de45510,木原官房長官 熊本の被災地訪問 イオンモールなど被害状況確認,政治,2026-08-25T07:05:00Z
https://news.web.nhk/newsweb/na/nd-20260821de45496,https://news.web.nhk/newsweb/na/nd-20260821de45496,松本文科相 「教育振興基本計画」策定へ諮問,政治,2026-08-25T07:05:00Z
https://news.web.nhk/newsweb/na/nd-20260821de45484,https://news.web.nhk/newsweb/na/nd-20260821de45484,日米韓高官が電話協議 緊密連携確認 北朝鮮弾道ミサイル発射で,政治,2026-08-25T07:05:00Z
https://news.web.nhk/newsweb/na/nd-20260821de45465,https://news.web.nhk/newsweb/na/nd-20260821de45465,立民 水岡代表 労働組合の幹部と協議 3党合流めぐり,政治,2026-08-25T07:05:00Z
https://news.web.nhk/newsweb/na/nd-20260821de45451,https://news.web.nhk/newsweb/na/nd-20260821de45451,大阪パチンコ店放火殺人事件 高見素直死刑囚に死刑執行 ,政治,2026-08-25T07:05:00Z
https://news.web.nhk/newsweb/na/nd-20260821de45441,https://news.web.nhk/newsweb/na/nd-20260821de45441,高市首相動静 2026年8月20日,政治,2026-08-25T07:05:00Z
https://news.web.nhk/newsweb/na/nd-20260821de45425,https://news.web.nhk/newsweb/na/nd-20260821de45425,政府 来週にも熊本地震で支援パッケージ 観光振興「応援割」も,政治,2026-08-25T07:05:00Z
https://news.web.nhk/newsweb/na/nd-20260821de45424,https://news.web.nhk/newsweb/na/nd-20260821de45424,自民 小林政調会長 太平洋島しょ国訪問 安保協力で一致,政治,2026-08-25T07:05:00Z
https://news.web.nhk/newsweb/na/nd-20260820de45423,https://news.web.nhk/newsweb/na/nd-20260820de45423,日オマーン外相 “ホルムズ海峡 国際社会で議論が不可欠”,政治,2026-08-25T07:05:00Z
https://news.web.nhk/newsweb/na/nd-20260820de45374,https://news.web.nhk/newsweb/na/nd-20260820de45374,木原官房長官 次世代IT技術視察 “官民連携で成長つなげる”,政治,2026-08-25T07:05:00Z
https://news.web.nhk/newsweb/na/nd-20260820de45381,https://news.web.nhk/newsweb/na/nd-20260820de45381,自民 「役職希望アンケート」配付 内閣改造の見方広がる,政治,2026-08-25T07:05:00Z
https://news.web.nhk/newsweb/na/nd-20260820de45372,https://news.web.nhk/newsweb/na/nd-20260820de45372,高市首相 英首相と初の電話会談 安全保障など協力推進で一致,政治,2026-08-25T07:05:00Z
https://news.web.nhk/newsweb/na/nd-20260820de45369,https://news.web.nhk/newsweb/na/nd-20260820de45369,小泉防衛相 インドと通信アンテナ早期移転へ新協議体設置合意,政治,2026-08-25T07:05:00Z
https://news.web.nhk/newsweb/na/nd-20260820de45362,https://news.web.nhk/newsweb/na/nd-20260820de45362,北方領土めぐる日本の立場は高市首相らが明確に 木原官房長官,政治,2026-08-25T07:05:00Z
https://news.web.nhk/newsweb/na/nd-20260820de45201,https://news.web.nhk/newsweb/na/nd-20260820de45201,高市首相動静 2026年8月19日,政治,2026-08-25T07:05:00Z
https://news.web.nhk/newsweb/na/nd-20260820de45176,https://news.web.nhk/newsweb/na/nd-20260820de45176,茂木外相 サウジアラビアなど湾岸諸国の経済強じん化を支援,政治,2026-08-25T07:05:00Z
https://news.web.nhk/newsweb/na/nd-20260819de45162,https://news.web.nhk/newsweb/na/nd-20260819de45162,個人情報保護委 KDDIに行政指導 メールアドレスなど流出で,政治,2026-08-25T07:05:00Z
https://news.web.nhk/newsweb/na/nd-20260819de45164,https://news.web.nhk/newsweb/na/nd-20260819de45164,立民 田名部幹事長 3党合流「意見を整理したうえで結論を」,政治,2026-08-25T07:05:00Z
https://news.web.nhk/newsweb/na/nd-20260819de45165,https://news.web.nhk/newsweb/na/nd-20260819de45165,防衛省 令和9年度予算案 過去最大 約9兆円要求の方向で調整,政治,2026-08-25T07:05:00Z
https://news.web.nhk/newsweb/na/nd-20260819de45143,https://news.web.nhk/newsweb/na/nd-20260819de45143,トランプ大統領 米朝首脳会談模索の見方 その思惑は　,政治,2026-08-25T07:05:00Z
https://news.web.nhk/newsweb/na/nd-20260819de45142,https://news.web.nhk/newsweb/na/nd-20260819de45142,高市首相 トルコ大統領と電話会談 ホルムズ海峡の安全航行を,政治,2026-08-25T07:05:00Z
https://news.web.nhk/newsweb/na/nd-20260819de45152,https://news.web.nhk/newsweb/na/nd-20260819de45152,超党派議員が中国訪問へ 日中関係改善の糸口探りたい考え,政治,2026-08-25T07:05:00Z
https://news.web.nhk/newsweb/na/nd-20260819de45123,https://news.web.nhk/newsweb/na/nd-20260819de45123,福岡県議会 藏内議長「しかるべき時 議長辞職」議員辞職は否定,政治,2026-08-25T07:05:00Z
https://news.web.nhk/newsweb/na/nd-20260819de45008,https://news.web.nhk/newsweb/na/nd-20260819de45008,“離島からの避難計画など丁寧な説明を” 知事会が政府に提言,政治,2026-08-25T07:05:00Z
https://news.web.nhk/newsweb/na/nd-20260819de44966,https://news.web.nhk/newsweb/na/nd-20260819de44966,鈴木農相が豪雨被害の千葉県の農地を視察,政治,2026-08-25T07:05:00Z
https://news.web.nhk/newsweb/na/nd-20260819de44968,https://news.web.nhk/newsweb/na/nd-20260819de44968,AI学習データの公表要請の基本原則案 今秋にも適用へ,政治,2026-08-25T07:05:00Z
https://news.web.nhk/newsweb/na/nd-20260819de44934,https://news.web.nhk/newsweb/na/nd-20260819de44934,高市首相動静 2026年8月18日,政治,2026-08-25T07:05:00Z
https://news.web.nhk/newsweb/na/nd-20260819de44918,https://news.web.nhk/newsweb/na/nd-20260819de44918,"茂木外相 イエメン和平の重要性訴え ""国家元首”と会談",政治,2026-08-25T07:05:00Z
https://news.web.nhk/newsweb/na/nd-20260825de46159,https://news.web.nhk/newsweb/na/nd-20260825de46159,鈴木農相 新米の作柄31日に公表 備蓄米買い戻し判断へ,経済,2026-08-25T07:05:00Z
https://news.web.nhk/newsweb/na/nd-20260825de46118,https://news.web.nhk/newsweb/na/nd-20260825de46118,【きょうのおはBiz 8月25日（火）】“AIソロプレナー”に転身,経済,2026-08-25T07:05:00Z
https://news.web.nhk/newsweb/na/nd-20260825de46150,https://news.web.nhk/newsweb/na/nd-20260825de46150,株価 売り買い交錯する展開 半導体過剰投資への懸念も,経済,2026-08-25T07:05:00Z
https://news.web.nhk/newsweb/na/nd-20260824de46072,https://news.web.nhk/newsweb/na/nd-20260824de46072,来年度税制改正で個人向け国債の優遇措置要望へ 財務省 金融庁,経済,2026-08-25T07:05:00Z
https://news.web.nhk/newsweb/na/nd-20260824de46060,https://news.web.nhk/newsweb/na/nd-20260824de46060,コンビニおにぎりや回転ずしで値下げの動き,経済,2026-08-25T07:05:00Z
https://news.web.nhk/newsweb/na/nd-20260824de46046,https://news.web.nhk/newsweb/na/nd-20260824de46046,円相場 イランへの経済制裁見据え値下がり,経済,2026-08-25T07:05:00Z
https://news.web.nhk/newsweb/na/nd-20260824de46001,https://news.web.nhk/newsweb/na/nd-20260824de46001,おせち商戦 デパート各社 物価高で価格抑えた商品販売にも力,経済,2026-08-25T07:05:00Z
https://news.web.nhk/newsweb/na/nd-20260824de46045,https://news.web.nhk/newsweb/na/nd-20260824de46045,損保ジャパン 自動車保険料を来年1月に平均5％引き上げ,経済,2026-08-25T07:05:00Z
https://news.web.nhk/newsweb/na/nd-20260824de46018,https://news.web.nhk/newsweb/na/nd-20260824de46018,人工衛星活用し旬のキャベツ届ける取り組み開始 JAXAなど,経済,2026-08-25T07:05:00Z
https://news.web.nhk/newsweb/na/nd-20260824de45967,https://news.web.nhk/newsweb/na/nd-20260824de45967,株価 値下がり 半導体関連の銘柄を中心に売り注文,経済,2026-08-25T07:05:00Z
https://news.web.nhk/newsweb/na/nd-20260824de45955,https://news.web.nhk/newsweb/na/nd-20260824de45955,スズキ 軽乗用車のEV公開 参入相次ぎ普及なるか,経済,2026-08-25T07:05:00Z
https://news.web.nhk/newsweb/na/nd-20260824de45943,https://news.web.nhk/newsweb/na/nd-20260824de45943,【きょうのおはBiz 8月24日（月）】“接客しない”に商機あり,経済,2026-08-25T07:05:00Z
https://news.web.nhk/newsweb/na/nd-20260824de45945,https://news.web.nhk/newsweb/na/nd-20260824de45945,中古マンション価格 東京23区は2か月連続下落 都心は頭打ちか?,経済,2026-08-25T07:05:00Z
https://news.web.nhk/newsweb/na/nd-20260823de45888,https://news.web.nhk/newsweb/na/nd-20260823de45888,経産省など 家事支援・ベビーシッター利用の税制優遇を要望へ,経済,2026-08-25T07:05:00Z
https://news.web.nhk/newsweb/na/nd-20260823de45889,https://news.web.nhk/newsweb/na/nd-20260823de45889,SNSの子どもへの影響 IT大手で被害未然防止の取り組み広がる,経済,2026-08-25T07:05:00Z
https://news.web.nhk/newsweb/na/nd-20260823de45833,https://news.web.nhk/newsweb/na/nd-20260823de45833,アメリカ建国250年記念し自動車レース トランプ氏が開催推進,経済,2026-08-25T07:05:00Z
https://news.web.nhk/newsweb/na/nd-20260823de45752,https://news.web.nhk/newsweb/na/nd-20260823de45752,【地震】携帯各社 通話・通信への影響確認されず（2:30）,経済,2026-08-25T07:05:00Z
https://news.web.nhk/newsweb/na/nd-20260821de45596,https://news.web.nhk/newsweb/na/nd-20260821de45596,経産省 ラピダス出資に1500億円要求へ 来年度予算の概算要求で,経済,2026-08-25T07:05:00Z
https://news.web.nhk/newsweb/na/nd-20260821de45564,https://news.web.nhk/newsweb/na/nd-20260821de45564,円相場 小幅に値下がり 日米の金利差拡大が意識され,経済,2026-08-25T07:05:00Z
https://news.web.nhk/newsweb/na/nd-20260821de45521,https://news.web.nhk/newsweb/na/nd-20260821de45521,スーパーのコメ平均価格 5キロ3191円 2週ぶり値下がり,経済,2026-08-25T07:05:00Z
https://news.web.nhk/newsweb/na/nd-20260821de45440,https://news.web.nhk/newsweb/na/nd-20260821de45440,7月の消費者物価指数 生鮮食品除き1.8％上昇 上昇率は拡大 ,経済,2026-08-25T07:05:00Z
https://news.web.nhk/newsweb/na/nd-20260821de45505,https://news.web.nhk/newsweb/na/nd-20260821de45505,企業の法務業務へのAI活用で新指針 法務省,経済,2026-08-25T07:05:00Z
https://news.web.nhk/newsweb/na/nd-20260821de45448,https://news.web.nhk/newsweb/na/nd-20260821de45448,きょうのおはBiz 8月21日（金） 赤字の郵便事業 持続的運営は,経済,2026-08-25T07:05:00Z
https://news.web.nhk/newsweb/na/nd-20260821de45466,https://news.web.nhk/newsweb/na/nd-20260821de45466,株価小幅な値動き 長期金利上昇 企業業績懸念も金融株買われる,経済,2026-08-25T07:05:00Z
https://news.web.nhk/newsweb/na/nd-20260821de45462,https://news.web.nhk/newsweb/na/nd-20260821de45462,クールジャパン機構 概算要求見送り 廃止含めて検討 経産省,経済,2026-08-25T07:05:00Z
https://news.web.nhk/newsweb/na/nd-20260821de45445,https://news.web.nhk/newsweb/na/nd-20260821de45445,愛媛 四国中央 「丸住製紙」の再生計画案“解散し消滅” ,経済,2026-08-25T07:05:00Z
https://news.web.nhk/newsweb/na/nd-20260821de45439,https://news.web.nhk/newsweb/na/nd-20260821de45439,NYダウ700ドル超下落 米長期金利が再び上昇で,経済,2026-08-25T07:05:00Z
https://news.web.nhk/newsweb/na/nd-20260820de45373,https://news.web.nhk/newsweb/na/nd-20260820de45373,赤字続く郵便事業 持続的なサービス検討へ 総務省が委員会設置,経済,2026-08-25T07:05:00Z
https://news.web.nhk/newsweb/na/nd-20260820de45359,https://news.web.nhk/newsweb/na/nd-20260820de45359,JA全中会長 ことし産のコメ「概算金」下落に懸念示す,経済,2026-08-25T07:05:00Z
https://news.web.nhk/newsweb/na/nd-20260820de45355,https://news.web.nhk/newsweb/na/nd-20260820de45355,円相場 値上がり 米の長期金利低下でドル売り円買い進む,経済,2026-08-25T07:05:00Z
https://news.web.nhk/newsweb/na/nd-20260820de45329,https://news.web.nhk/newsweb/na/nd-20260820de45329,経産省 石油化学プラントの脱中東ナフサ依存を支援へ,経済,2026-08-25T07:05:00Z
https://news.web.nhk/newsweb/na/nd-20260820de45330,https://news.web.nhk/newsweb/na/nd-20260820de45330,首都圏新築マンション平均価格 7月は約1億6500万円 過去最高に,経済,2026-08-25T07:05:00Z
https://news.web.nhk/newsweb/na/nd-20260820de45205,https://news.web.nhk/newsweb/na/nd-20260820de45205,【きょうのおはBiz 8月20日（木）】“概算要求基準” 特徴は？,経済,2026-08-25T07:05:00Z
https://news.web.nhk/newsweb/na/nd-20260820de45236,https://news.web.nhk/newsweb/na/nd-20260820de45236,株価 値上がり 長期金利低下で幅広い銘柄に買い注文,経済,2026-08-25T07:05:00Z
https://news.web.nhk/newsweb/na/nd-20260820de45202,https://news.web.nhk/newsweb/na/nd-20260820de45202,7月の貿易収支 6345億円の赤字 赤字は3か月連続,経済,2026-08-25T07:05:00Z
https://news.web.nhk/newsweb/na/nd-20260820de45199,https://news.web.nhk/newsweb/na/nd-20260820de45199,FRB 7月の会合議事録“利上げ必要の可能性高い”,経済,2026-08-25T07:05:00Z
https://news.web.nhk/newsweb/na/nd-20260820de45186,https://news.web.nhk/newsweb/na/nd-20260820de45186,経産省 来年度予算案の概算要求 7兆7千億円規模で調整,経済,2026-08-25T07:05:00Z
https://news.web.nhk/newsweb/na/nd-20260820de45184,https://news.web.nhk/newsweb/na/nd-20260820de45184,米財務省が国債買い戻し倍増 長期金利上昇を抑えるねらい,経済,2026-08-25T07:05:00Z
https://news.web.nhk/newsweb/na/nd-20260819de45159,https://news.web.nhk/newsweb/na/nd-20260819de45159,IT企業に不正アクセスで顧客個人情報136万件漏えいの可能性,経済,2026-08-25T07:05:00Z
https://news.web.nhk/newsweb/na/nd-20260819de45140,https://news.web.nhk/newsweb/na/nd-20260819de45140,フードデリバリー「menu」終了へ 競争激化で撤退相次ぐ,経済,2026-08-25T07:05:00Z
https://news.web.nhk/newsweb/na/nd-20260819de45101,https://news.web.nhk/newsweb/na/nd-20260819de45101,7月の訪日客数 中国からは大幅減も全体では4か月ぶりに増加,経済,2026-08-25T07:05:00Z
https://news.web.nhk/newsweb/na/nd-20260819de45108,https://news.web.nhk/newsweb/na/nd-20260819de45108,円相場 値上がり アメリカの金利低下受けドル売り円買い進む,経済,2026-08-25T07:05:00Z
https://news.web.nhk/newsweb/na/nd-20260819de44935,https://news.web.nhk/newsweb/na/nd-20260819de44935,きょうのおはBiz 8月19日（水） 太平洋クロマグロ漁獲枠増へ,経済,2026-08-25T07:05:00Z
https://news.web.nhk/newsweb/na/nd-20260819de44970,https://news.web.nhk/newsweb/na/nd-20260819de44970,長期金利 一時2.9％を下回る水準に低下,経済,2026-08-25T07:05:00Z
https://news.web.nhk/newsweb/na/nd-20260819de44933,https://news.web.nhk/newsweb/na/nd-20260819de44933,株価 一時2300円超値下がり 企業業績への懸念で,経済,2026-08-25T07:05:00Z
https://news.web.nhk/newsweb/na/nd-20260819de44927,https://news.web.nhk/newsweb/na/nd-20260819de44927,世界的に金利上昇 インフレ・財政悪化懸念 IT巨額社債も要因に,経済,2026-08-25T07:05:00Z
https://news.web.nhk/newsweb/na/nd-20260825de46162,https://news.web.nhk/newsweb/na/nd-20260825de46162,アメリカ シリアのテロ支援国家指定を解除 イラン影響力排除か,国際,2026-08-25T07:05:00Z
https://news.web.nhk/newsweb/na/nd-20260824de46077,https://news.web.nhk/newsweb/na/nd-20260824de46077,ウクライナ支援有志連合の首脳会合 防空支援強化で一致,国際,2026-08-25T07:05:00Z
https://news.web.nhk/newsweb/na/nd-20260825de46102,https://news.web.nhk/newsweb/na/nd-20260825de46102,米韓外相“北朝鮮の核問題解決に向け協力”,国際,2026-08-25T07:05:00Z
https://news.web.nhk/newsweb/na/nd-20260825de46101,https://news.web.nhk/newsweb/na/nd-20260825de46101,トランプ大統領 カナダの自動車などへの追加関税を50％に,国際,2026-08-25T07:05:00Z
https://news.web.nhk/newsweb/na/nd-20260825de46098,https://news.web.nhk/newsweb/na/nd-20260825de46098,アメリカが経済制裁強化 イランは“報復を覚悟すべき”と反発,国際,2026-08-25T07:05:00Z
https://news.web.nhk/newsweb/na/nd-20260824de46076,https://news.web.nhk/newsweb/na/nd-20260824de46076,EUがウクライナ支援1兆円承認 英は巡航ミサイル部品の機密開示,国際,2026-08-25T07:05:00Z
https://news.web.nhk/newsweb/na/nd-20260824de46042,https://news.web.nhk/newsweb/na/nd-20260824de46042,ウクライナ 侵攻から4年半の独立記念日 大統領“戦い続ける”,国際,2026-08-25T07:05:00Z
https://news.web.nhk/newsweb/na/nd-20260824de46069,https://news.web.nhk/newsweb/na/nd-20260824de46069,タイ南部で爆発や放火など50件以上相次ぐ 連続テロか,国際,2026-08-25T07:05:00Z
https://news.web.nhk/newsweb/na/nd-20260824de46059,https://news.web.nhk/newsweb/na/nd-20260824de46059,台湾の東部・南部で大雨 2人行方不明 130人超けが,国際,2026-08-25T07:05:00Z
https://news.web.nhk/newsweb/na/nd-20260824de46043,https://news.web.nhk/newsweb/na/nd-20260824de46043,超党派議連 ICC制裁で非難声明「明確な抗議と制裁の撤回を」,国際,2026-08-25T07:05:00Z
https://news.web.nhk/newsweb/na/nd-20260824de46000,https://news.web.nhk/newsweb/na/nd-20260824de46000,茂木外相“ICC所長赤根氏は日本の国際司法 役割強化の表れ”,国際,2026-08-25T07:05:00Z
https://news.web.nhk/newsweb/na/nd-20260817de44552,https://news.web.nhk/newsweb/na/nd-20260817de44552,【随時更新】ロシア ウクライナに軍事侵攻（8月24日の動き）,国際,2026-08-25T07:05:00Z
https://news.web.nhk/newsweb/na/nd-20260824de45974,https://news.web.nhk/newsweb/na/nd-20260824de45974,木原官房長官 北朝鮮対応でアメリカ政府などと緊密連携,国際,2026-08-25T07:05:00Z
https://news.web.nhk/newsweb/na/nd-20260824de45996,https://news.web.nhk/newsweb/na/nd-20260824de45996,北朝鮮国営メディア 高市首相の靖国神社へのよう拝など非難,国際,2026-08-25T07:05:00Z
https://news.web.nhk/newsweb/na/nd-20260824de45976,https://news.web.nhk/newsweb/na/nd-20260824de45976,木原官房長官 ICC赤根所長と緊密に意思疎通 必要な支援行う,国際,2026-08-25T07:05:00Z
https://news.web.nhk/newsweb/na/nd-20260824de45942,https://news.web.nhk/newsweb/na/nd-20260824de45942,【詳細】革命防衛隊「軍事面での敗北認めたに等しい」とけん制,国際,2026-08-25T07:05:00Z
https://news.web.nhk/newsweb/na/nd-20260823de45901,https://news.web.nhk/newsweb/na/nd-20260823de45901,ABUロボコン香港で開催 地元の香港大学が優勝,国際,2026-08-25T07:05:00Z
https://news.web.nhk/newsweb/na/nd-20260823de45902,https://news.web.nhk/newsweb/na/nd-20260823de45902,ウクライナ ゼレンスキー大統領 ロシアのミサイル増産に警戒,国際,2026-08-25T07:05:00Z
https://news.web.nhk/newsweb/na/nd-20260823de45846,https://news.web.nhk/newsweb/na/nd-20260823de45846,北京で2回目の人型ロボット運動会 人類記録上回るなど性能向上,国際,2026-08-25T07:05:00Z
https://news.web.nhk/newsweb/na/nd-20260817de44551,https://news.web.nhk/newsweb/na/nd-20260817de44551,【詳細】ロシア ウクライナに軍事侵攻（8月23日の動き）,国際,2026-08-25T07:05:00Z
https://news.web.nhk/newsweb/na/nd-20260823de45733,https://news.web.nhk/newsweb/na/nd-20260823de45733,ウクライナがロシア物流施設など攻撃 ロシアは攻撃強化を強調,国際,2026-08-25T07:05:00Z
https://news.web.nhk/newsweb/na/nd-20260823de45833,https://news.web.nhk/newsweb/na/nd-20260823de45833,アメリカ建国250年記念し自動車レース トランプ氏が開催推進,国際,2026-08-25T07:05:00Z
https://news.web.nhk/newsweb/na/nd-20260823de45821,https://news.web.nhk/newsweb/na/nd-20260823de45821,米は制裁で圧力強化へ イラン“米に協力した国は敵と見なす”,国際,2026-08-25T07:05:00Z
https://news.web.nhk/newsweb/na/nd-20260823de45819,https://news.web.nhk/newsweb/na/nd-20260823de45819,カナダがアメリカへの対抗関税を9月8日に発動へ,国際,2026-08-25T07:05:00Z
https://news.web.nhk/newsweb/na/nd-20260823de45735,https://news.web.nhk/newsweb/na/nd-20260823de45735,NASA 次世代宇宙望遠鏡打ち上げへ 視野は従来型の100倍超え,国際,2026-08-25T07:05:00Z
https://news.web.nhk/newsweb/na/nd-20260823de45804,https://news.web.nhk/newsweb/na/nd-20260823de45804,ICC赤根所長「存続確保に力を」と日本への期待示す,国際,2026-08-25T07:05:00Z
https://news.web.nhk/newsweb/na/nd-20260822de45697,https://news.web.nhk/newsweb/na/nd-20260822de45697,ウクライナの商業施設に無人機攻撃 16人死亡 100人以上けが,国際,2026-08-25T07:05:00Z
https://news.web.nhk/newsweb/na/nd-20260822de45661,https://news.web.nhk/newsweb/na/nd-20260822de45661,トランプ政権 カナダ産乳製品やワインなどに50％追加関税発動,国際,2026-08-25T07:05:00Z
https://news.web.nhk/newsweb/na/nd-20260822de45652,https://news.web.nhk/newsweb/na/nd-20260822de45652,TikTok 米司法省に4億ドル支払いで和解,国際,2026-08-25T07:05:00Z
https://news.web.nhk/newsweb/na/nd-20260822de45643,https://news.web.nhk/newsweb/na/nd-20260822de45643,トランプ大統領 経済制裁強化しイラン側の対応見極める考え,国際,2026-08-25T07:05:00Z
https://news.web.nhk/newsweb/na/nd-20260822de45629,https://news.web.nhk/newsweb/na/nd-20260822de45629,米元高官“イラン制裁の効果見極め必要 軍事攻撃再開も”,国際,2026-08-25T07:05:00Z
https://news.web.nhk/newsweb/na/nd-20260822de45628,https://news.web.nhk/newsweb/na/nd-20260822de45628,次の国連事務総長選出へ 2回目の非公開投票も混戦に,国際,2026-08-25T07:05:00Z
https://news.web.nhk/newsweb/na/nd-20260817de44549,https://news.web.nhk/newsweb/na/nd-20260817de44549,【詳細】ロシア ウクライナに軍事侵攻（8月22日の動き）,国際,2026-08-25T07:05:00Z
https://news.web.nhk/newsweb/na/nd-20260822de45623,https://news.web.nhk/newsweb/na/nd-20260822de45623,ICC赤根智子所長「『法の支配』の終えんの始まりとさせない」,国際,2026-08-25T07:05:00Z
https://news.web.nhk/newsweb/na/nd-20260822de45617,https://news.web.nhk/newsweb/na/nd-20260822de45617,“ロシア軍兵士の死者は24万人以上”英BBCなどが調査し報じる,国際,2026-08-25T07:05:00Z
https://news.web.nhk/newsweb/na/nd-20260821de45607,https://news.web.nhk/newsweb/na/nd-20260821de45607,中国で米研究者が拘束 米国務省“不当拘束”解放を求める,国際,2026-08-25T07:05:00Z
https://news.web.nhk/newsweb/na/nd-20260821de45603,https://news.web.nhk/newsweb/na/nd-20260821de45603,秋篠宮ご夫妻 日本人のパラグアイ移住90周年記念式典に,国際,2026-08-25T07:05:00Z
https://news.web.nhk/newsweb/na/nd-20260821de45606,https://news.web.nhk/newsweb/na/nd-20260821de45606,中国とインドネシアの外相 初の「包括的戦略対話」,国際,2026-08-25T07:05:00Z
https://news.web.nhk/newsweb/na/nd-20260821de45594,https://news.web.nhk/newsweb/na/nd-20260821de45594,中国 南部の大規模洪水で死者159人に 各地で大雨被害,国際,2026-08-25T07:05:00Z
https://news.web.nhk/newsweb/na/nd-20260821de45591,https://news.web.nhk/newsweb/na/nd-20260821de45591,超党派議員が来週訪中 中国外務省「正しい軌道への努力 留意」,国際,2026-08-25T07:05:00Z
https://news.web.nhk/newsweb/na/nd-20260821de45587,https://news.web.nhk/newsweb/na/nd-20260821de45587,ウクライナとロシア 21日にかけても攻撃の応酬続く,国際,2026-08-25T07:05:00Z
https://news.web.nhk/newsweb/na/nd-20260821de45530,https://news.web.nhk/newsweb/na/nd-20260821de45530,旧統一教会トップとユン前大統領夫人 政党法違反 初公判で否認,国際,2026-08-25T07:05:00Z
https://news.web.nhk/newsweb/na/nd-20260821de45542,https://news.web.nhk/newsweb/na/nd-20260821de45542,香港 天安門事件追悼団体と幹部に有罪判決,国際,2026-08-25T07:05:00Z
https://news.web.nhk/newsweb/na/nd-20260821de45520,https://news.web.nhk/newsweb/na/nd-20260821de45520,自民 プーチン氏北方領土訪問容認できず 対話求める声も,国際,2026-08-25T07:05:00Z
https://news.web.nhk/newsweb/na/nd-20260821de45517,https://news.web.nhk/newsweb/na/nd-20260821de45517,ホルムズ海峡で“シャトル船”が原油輸送 日本にも 専門家,国際,2026-08-25T07:05:00Z
https://news.web.nhk/newsweb/na/nd-20260817de44546,https://news.web.nhk/newsweb/na/nd-20260817de44546,【詳細】ロシア ウクライナに軍事侵攻（8月21日の動き）,国際,2026-08-25T07:05:00Z
https://news.web.nhk/newsweb/na/nd-20260821de45495,https://news.web.nhk/newsweb/na/nd-20260821de45495,北朝鮮 ミサイル発射3回連続で発表せず 米の反応探るか,国際,2026-08-25T07:05:00Z
https://news.web.nhk/newsweb/na/nd-20260821de45484,https://news.web.nhk/newsweb/na/nd-20260821de45484,日米韓高官が電話協議 緊密連携確認 北朝鮮弾道ミサイル発射で,国際,2026-08-25T07:05:00Z
https://news.web.nhk/newsweb/na/nd-20260821de45470,https://news.web.nhk/newsweb/na/nd-20260821de45470,NZ地震 犠牲者追悼のプレート取り外される 盗難か,国際,2026-08-25T07:05:00Z
https://news.web.nhk/newsweb/na/nd-20260821de45439,https://news.web.nhk/newsweb/na/nd-20260821de45439,NYダウ700ドル超下落 米長期金利が再び上昇で,国際,2026-08-25T07:05:00Z
https://news.web.nhk/newsweb/na/nd-20260821de45432,https://news.web.nhk/newsweb/na/nd-20260821de45432,米「史上最大規模の制裁」へ イランは「経済テロ」と反発,国際,2026-08-25T07:05:00Z
https://news.web.nhk/newsweb/na/nd-20260821de45428,https://news.web.nhk/newsweb/na/nd-20260821de45428,キム・ヨジョン氏 “米韓は主従関係”米と対話の可能性示唆か,国際,2026-08-25T07:05:00Z
https://news.web.nhk/newsweb/na/nd-20260820de45418,https://news.web.nhk/newsweb/na/nd-20260820de45418,中央アフリカで金鉱山が崩落し 100人以上死亡 救助活動続く,国際,2026-08-25T07:05:00Z
https://news.web.nhk/newsweb/na/nd-20260820de45423,https://news.web.nhk/newsweb/na/nd-20260820de45423,日オマーン外相 “ホルムズ海峡 国際社会で議論が不可欠”,国際,2026-08-25T07:05:00Z
https://news.web.nhk/newsweb/na/nd-20260820de45419,https://news.web.nhk/newsweb/na/nd-20260820de45419,韓国訪問中の中国外相 北朝鮮めぐり“米は敵視政策の放棄を”,国際,2026-08-25T07:05:00Z
https://news.web.nhk/newsweb/na/nd-20260820de45409,https://news.web.nhk/newsweb/na/nd-20260820de45409,中国 レアアース磁石の対日輸出 7月は半減 輸出規制が影響か,国際,2026-08-25T07:05:00Z
https://news.web.nhk/newsweb/na/nd-20260820de45375,https://news.web.nhk/newsweb/na/nd-20260820de45375,韓国各地で朝鮮半島有事を想定した大規模避難訓練,国際,2026-08-25T07:05:00Z
https://news.web.nhk/newsweb/na/nd-20260820de45377,https://news.web.nhk/newsweb/na/nd-20260820de45377,中国 不動産大手「恒大グループ」創業者に無期懲役の判決,国際,2026-08-25T07:05:00Z
https://news.web.nhk/newsweb/na/nd-20260820de45379,https://news.web.nhk/newsweb/na/nd-20260820de45379,ロシア軍が北方領土周辺の艦船想定し訓練実施を発表,国際,2026-08-25T07:05:00Z
https://news.web.nhk/newsweb/na/nd-20260820de45383,https://news.web.nhk/newsweb/na/nd-20260820de45383,ロシアによる攻撃 キーウなどで16人死亡 46人けが,国際,2026-08-25T07:05:00Z
https://news.web.nhk/newsweb/na/nd-20260820de45369,https://news.web.nhk/newsweb/na/nd-20260820de45369,小泉防衛相 インドと通信アンテナ早期移転へ新協議体設置合意,国際,2026-08-25T07:05:00Z
https://news.web.nhk/newsweb/na/nd-20260820de45329,https://news.web.nhk/newsweb/na/nd-20260820de45329,経産省 石油化学プラントの脱中東ナフサ依存を支援へ,国際,2026-08-25T07:05:00Z
https://news.web.nhk/newsweb/na/nd-20260820de45335,https://news.web.nhk/newsweb/na/nd-20260820de45335,北朝鮮が複数の弾道ミサイル発射 日本のEEZ外に落下か 防衛省,国際,2026-08-25T07:05:00Z
https://news.web.nhk/newsweb/na/nd-20260817de44541,https://news.web.nhk/newsweb/na/nd-20260817de44541,【詳細】ロシア ウクライナに軍事侵攻（8月20日の動き）,国際,2026-08-25T07:05:00Z
https://news.web.nhk/newsweb/na/nd-20260820de45306,https://news.web.nhk/newsweb/na/nd-20260820de45306,スリーマイル島原発廃炉 初取材 AI需要で隣接原子炉再稼働へ　,国際,2026-08-25T07:05:00Z
https://news.web.nhk/newsweb/na/nd-20260820de45302,https://news.web.nhk/newsweb/na/nd-20260820de45302,台湾の防衛費予算案 初の1兆台湾元超に 自衛力強化の方針示す,国際,2026-08-25T07:05:00Z
https://news.web.nhk/newsweb/na/nd-20260820de45217,https://news.web.nhk/newsweb/na/nd-20260820de45217,トランプ大統領“大規模経済制裁科す”イランは湾岸諸国に警告,国際,2026-08-25T07:05:00Z
https://news.web.nhk/newsweb/na/nd-20260820de45215,https://news.web.nhk/newsweb/na/nd-20260820de45215,“ハリー王子 家族とイギリスに帰国へ”英メディア報道,国際,2026-08-25T07:05:00Z
https://news.web.nhk/newsweb/na/nd-20260820de45200,https://news.web.nhk/newsweb/na/nd-20260820de45200,イスラエル軍ガザ地区攻撃で10人死亡の報道 和平実現 見通せず,国際,2026-08-25T07:05:00Z
https://news.web.nhk/newsweb/na/nd-20260820de45195,https://news.web.nhk/newsweb/na/nd-20260820de45195,米大統領“海峡掌握”イラン 欧州の米軍関連施設攻撃も視野か,国際,2026-08-25T07:05:00Z
https://news.web.nhk/newsweb/na/nd-20260820de45183,https://news.web.nhk/newsweb/na/nd-20260820de45183,中韓外相会談 朝鮮半島情勢めぐり意見交わす,国際,2026-08-25T07:05:00Z
https://news.web.nhk/newsweb/na/nd-20260820de45189,https://news.web.nhk/newsweb/na/nd-20260820de45189,インド 山梨県の訪問団が参加した経済イベントが開催,国際,2026-08-25T07:05:00Z
https://news.web.nhk/newsweb/na/nd-20260819de45080,https://news.web.nhk/newsweb/na/nd-20260819de45080,フェルメール代表作「真珠の耳飾りの少女」14年ぶり来日公開へ,国際,2026-08-25T07:05:00Z
https://news.web.nhk/newsweb/na/nd-20260820de45187,https://news.web.nhk/newsweb/na/nd-20260820de45187,独検察 ノルドストリーム爆発 ウクライナ国籍の男を新たに逮捕,国際,2026-08-25T07:05:00Z
https://news.web.nhk/newsweb/na/nd-20260820de45193,https://news.web.nhk/newsweb/na/nd-20260820de45193,トランプ大統領 北朝鮮キム総書記との年内会談に意欲,国際,2026-08-25T07:05:00Z
https://news.web.nhk/newsweb/na/nd-20260820de45188,https://news.web.nhk/newsweb/na/nd-20260820de45188,北朝鮮 キム総書記妹“米韓合同軍事演習の規模縮小 評価せず”,国際,2026-08-25T07:05:00Z
https://news.web.nhk/newsweb/na/nd-20260820de45192,https://news.web.nhk/newsweb/na/nd-20260820de45192,ウクライナ 国民から高評価の前国防相が大統領選挙実施を要求,国際,2026-08-25T07:05:00Z
https://news.web.nhk/newsweb/na/nd-20260820de45184,https://news.web.nhk/newsweb/na/nd-20260820de45184,米財務省が国債買い戻し倍増 長期金利上昇を抑えるねらい,国際,2026-08-25T07:05:00Z
https://news.web.nhk/newsweb/na/nd-20260820de45176,https://news.web.nhk/newsweb/na/nd-20260820de45176,茂木外相 サウジアラビアなど湾岸諸国の経済強じん化を支援,国際,2026-08-25T07:05:00Z
https://news.web.nhk/newsweb/na/nd-20260819de45135,https://news.web.nhk/newsweb/na/nd-20260819de45135,中国 ロケット再利用目指し回収成功 米への追い上げ図る,国際,2026-08-25T07:05:00Z
https://news.web.nhk/newsweb/na/nd-20260819de45143,https://news.web.nhk/newsweb/na/nd-20260819de45143,トランプ大統領 米朝首脳会談模索の見方 その思惑は　,国際,2026-08-25T07:05:00Z
https://news.web.nhk/newsweb/na/nd-20260819de45145,https://news.web.nhk/newsweb/na/nd-20260819de45145,中韓外相会談始まる 朝鮮半島情勢めぐり意見交換か,国際,2026-08-25T07:05:00Z
https://news.web.nhk/newsweb/na/nd-20260819de45142,https://news.web.nhk/newsweb/na/nd-20260819de45142,高市首相 トルコ大統領と電話会談 ホルムズ海峡の安全航行を,国際,2026-08-25T07:05:00Z
https://news.web.nhk/newsweb/na/nd-20260819de45152,https://news.web.nhk/newsweb/na/nd-20260819de45152,超党派議員が中国訪問へ 日中関係改善の糸口探りたい考え,国際,2026-08-25T07:05:00Z
https://news.web.nhk/newsweb/na/nd-20260819de45124,https://news.web.nhk/newsweb/na/nd-20260819de45124,英供与の無人機で攻撃か ロ外相「直接関与と見なす権利ある」,国際,2026-08-25T07:05:00Z
https://news.web.nhk/newsweb/na/nd-20260819de45120,https://news.web.nhk/newsweb/na/nd-20260819de45120,プーチン大統領の択捉島訪問受け元島民団体などが外務省に要請,国際,2026-08-25T07:05:00Z
https://news.web.nhk/newsweb/na/nd-20260819de45101,https://news.web.nhk/newsweb/na/nd-20260819de45101,7月の訪日客数 中国からは大幅減も全体では4か月ぶりに増加,国際,2026-08-25T07:05:00Z
https://news.web.nhk/newsweb/na/nd-20260817de44539,https://news.web.nhk/newsweb/na/nd-20260817de44539,【詳細】ロシア ウクライナに軍事侵攻（8月19日の動き）,国際,2026-08-25T07:05:00Z
https://news.web.nhk/newsweb/na/nd-20260819de45032,https://news.web.nhk/newsweb/na/nd-20260819de45032,トランプ政権 カナダへの50％追加関税 3日間猶予を発表,国際,2026-08-25T07:05:00Z
https://news.web.nhk/newsweb/na/nd-20260819de44976,https://news.web.nhk/newsweb/na/nd-20260819de44976,オープンAIが18歳未満対象にChatGPTの対策強化へ,国際,2026-08-25T07:05:00Z
https://news.web.nhk/newsweb/na/nd-20260819de44965,https://news.web.nhk/newsweb/na/nd-20260819de44965,UAE“イランから弾道ミサイル2発発射” イラン側は関与否定,国際,2026-08-25T07:05:00Z
https://news.web.nhk/newsweb/na/nd-20260819de44961,https://news.web.nhk/newsweb/na/nd-20260819de44961,トランプ大統領 秋にも米朝首脳会談を側近らに要求 米報道,国際,2026-08-25T07:05:00Z
https://news.web.nhk/newsweb/na/nd-20260819de44964,https://news.web.nhk/newsweb/na/nd-20260819de44964,韓国軍「米韓合同軍事演習 21日まで」 期間半分程度に短縮発表,国際,2026-08-25T07:05:00Z
https://news.web.nhk/newsweb/na/nd-20260819de44930,https://news.web.nhk/newsweb/na/nd-20260819de44930,米ABCテレビが提訴“政権が放送免許更新の審査前倒しで報復”,国際,2026-08-25T07:05:00Z
https://news.web.nhk/newsweb/na/nd-20260819de44931,https://news.web.nhk/newsweb/na/nd-20260819de44931,韓国南部で記録的大雨 住宅への被害など相次ぐ,国際,2026-08-25T07:05:00Z
https://news.web.nhk/newsweb/na/nd-20260819de44919,https://news.web.nhk/newsweb/na/nd-20260819de44919,「米韓合同軍事演習 規模を大幅縮小へ」韓国メディア,国際,2026-08-25T07:05:00Z
https://news.web.nhk/newsweb/na/nd-20260818de44907,https://news.web.nhk/newsweb/na/nd-20260818de44907,ウクライナ東部にロシアのミサイル着弾 10人死亡 応酬続く,国際,2026-08-25T07:05:00Z
https://news.web.nhk/newsweb/na/nd-20260819de44927,https://news.web.nhk/newsweb/na/nd-20260819de44927,世界的に金利上昇 インフレ・財政悪化懸念 IT巨額社債も要因に,国際,2026-08-25T07:05:00Z
https://news.web.nhk/newsweb/na/nd-20260819de44922,https://news.web.nhk/newsweb/na/nd-20260819de44922,コンゴ民主共和国でエボラ出血熱死者2300人超 WHOが緊急委員会,国際,2026-08-25T07:05:00Z
https://news.web.nhk/newsweb/na/nd-20260818de44908,https://news.web.nhk/newsweb/na/nd-20260818de44908,トランプ大統領「協議行われていない」イランも強気姿勢を維持,国際,2026-08-25T07:05:00Z
https://news.web.nhk/newsweb/na/nd-20260819de44920,https://news.web.nhk/newsweb/na/nd-20260819de44920,米トランプ政権 ICC＝国際刑事裁判所 赤根所長を制裁対象に,国際,2026-08-25T07:05:00Z
https://news.web.nhk/newsweb/na/nd-20260825de46170,https://news.web.nhk/newsweb/na/nd-20260825de46170,ホワイトソックス 村上宗隆 2試合ぶりヒットもチームは敗れる,スポーツ,2026-08-25T07:05:00Z
https://news.web.nhk/newsweb/na/nd-20260824de46012,https://news.web.nhk/newsweb/na/nd-20260824de46012,サッカー日本代表 小川航基 FC町田ゼルビアに移籍決定,スポーツ,2026-08-25T07:05:00Z
https://news.web.nhk/newsweb/na/nd-20260824de46007,https://news.web.nhk/newsweb/na/nd-20260824de46007,サッカー 59歳“カズ”が天皇杯 横浜F・マリノス戦へ意気込み,スポーツ,2026-08-25T07:05:00Z
https://news.web.nhk/newsweb/na/nd-20260824de45956,https://news.web.nhk/newsweb/na/nd-20260824de45956,パドレス 松井裕樹 無失点リリーフでチーム3連勝,スポーツ,2026-08-25T07:05:00Z
https://news.web.nhk/newsweb/na/nd-20260824de45963,https://news.web.nhk/newsweb/na/nd-20260824de45963,カブス 鈴木誠也 5打席出塁で大勝に貢献 今永は3回途中で降板,スポーツ,2026-08-25T07:05:00Z
https://news.web.nhk/newsweb/na/nd-20260824de45949,https://news.web.nhk/newsweb/na/nd-20260824de45949,男子ゴルフ 米ツアープレーオフ第2戦 久常涼12位 松山英樹28位,スポーツ,2026-08-25T07:05:00Z
https://news.web.nhk/newsweb/na/nd-20260824de45946,https://news.web.nhk/newsweb/na/nd-20260824de45946,女子ゴルフ米ツアー 山下美夢有が優勝 今季2勝目 吉田優利2位,スポーツ,2026-08-25T07:05:00Z
https://news.web.nhk/newsweb/na/nd-20260824de45944,https://news.web.nhk/newsweb/na/nd-20260824de45944,ロッキーズ 菅野智之 3回5失点で7敗目,スポーツ,2026-08-25T07:05:00Z
https://news.web.nhk/newsweb/na/nd-20260824de45937,https://news.web.nhk/newsweb/na/nd-20260824de45937,エンジェルス 菊池雄星 4か月ぶり登板も5回5失点で4敗目,スポーツ,2026-08-25T07:05:00Z
https://news.web.nhk/newsweb/na/nd-20260823de45904,https://news.web.nhk/newsweb/na/nd-20260823de45904,ドジャース 大谷翔平 盗塁決め先制点につなげる チーム6連勝,スポーツ,2026-08-25T07:05:00Z
https://news.web.nhk/newsweb/na/nd-20260824de45932,https://news.web.nhk/newsweb/na/nd-20260824de45932,ブルージェイズ 岡本和真 9試合連続ヒット チームは敗戦,スポーツ,2026-08-25T07:05:00Z
https://news.web.nhk/newsweb/na/nd-20260823de45903,https://news.web.nhk/newsweb/na/nd-20260823de45903,ホワイトソックス 村上ノーヒット チームは9回にサヨナラ勝ち,スポーツ,2026-08-25T07:05:00Z
https://news.web.nhk/newsweb/na/nd-20260823de45911,https://news.web.nhk/newsweb/na/nd-20260823de45911,バドミントン世界選手権 山口茜と奈良岡功大 決勝で敗れ準優勝,スポーツ,2026-08-25T07:05:00Z
https://news.web.nhk/newsweb/na/nd-20260823de45910,https://news.web.nhk/newsweb/na/nd-20260823de45910,サッカーJ1 第3節 町田が開幕3連勝 浦和は3連敗,スポーツ,2026-08-25T07:05:00Z
https://news.web.nhk/newsweb/na/nd-20260823de45908,https://news.web.nhk/newsweb/na/nd-20260823de45908,【プロ野球結果】首位のソフトバンク オリックスに完封負け,スポーツ,2026-08-25T07:05:00Z
https://news.web.nhk/newsweb/na/nd-20260823de45885,https://news.web.nhk/newsweb/na/nd-20260823de45885,男子ゴルフ 国内ツアー 平本世中が32アンダーでツアー初優勝,スポーツ,2026-08-25T07:05:00Z
https://news.web.nhk/newsweb/na/nd-20260823de45890,https://news.web.nhk/newsweb/na/nd-20260823de45890,フィギュアスケート男子シングル 中田璃士がシニアデビュー,スポーツ,2026-08-25T07:05:00Z
https://news.web.nhk/newsweb/na/nd-20260823de45874,https://news.web.nhk/newsweb/na/nd-20260823de45874,女子ゴルフ 国内ツアー 吉田鈴が今季2勝目,スポーツ,2026-08-25T07:05:00Z
https://news.web.nhk/newsweb/na/nd-20260823de45869,https://news.web.nhk/newsweb/na/nd-20260823de45869,サッカー イングランドプレミアリーグ 開幕節 日本選手3人出場,スポーツ,2026-08-25T07:05:00Z
https://news.web.nhk/newsweb/na/nd-20260823de45864,https://news.web.nhk/newsweb/na/nd-20260823de45864,女子ゴルフ米ツアー 山下美夢有が6打差で単独首位,スポーツ,2026-08-25T07:05:00Z
https://news.web.nhk/newsweb/na/nd-20260823de45860,https://news.web.nhk/newsweb/na/nd-20260823de45860,カブス 鈴木誠也 1安打も2試合連続サヨナラ負け,スポーツ,2026-08-25T07:05:00Z
https://news.web.nhk/newsweb/na/nd-20260823de45857,https://news.web.nhk/newsweb/na/nd-20260823de45857,ホワイトソックス 村上宗隆 4試合ぶりヒット チームは敗れる,スポーツ,2026-08-25T07:05:00Z
https://news.web.nhk/newsweb/na/nd-20260823de45855,https://news.web.nhk/newsweb/na/nd-20260823de45855,ドジャース 大谷翔平ノーヒット チームは競り勝って5連勝,スポーツ,2026-08-25T07:05:00Z
https://news.web.nhk/newsweb/na/nd-20260823de45835,https://news.web.nhk/newsweb/na/nd-20260823de45835,ブルージェイズ岡本 8試合連続ヒットで勝利に貢献,スポーツ,2026-08-25T07:05:00Z
https://news.web.nhk/newsweb/na/nd-20260823de45812,https://news.web.nhk/newsweb/na/nd-20260823de45812,ドジャース 大谷翔平 実戦形式に登板し30球 投手復帰へ着々,スポーツ,2026-08-25T07:05:00Z
https://news.web.nhk/newsweb/na/nd-20260823de45815,https://news.web.nhk/newsweb/na/nd-20260823de45815,りくりゅう 三浦さんと木原さん婚約 フィギュアペアで五輪金,スポーツ,2026-08-25T07:05:00Z
https://news.web.nhk/newsweb/na/nd-20260822de45729,https://news.web.nhk/newsweb/na/nd-20260822de45729,サッカーW杯で暴行 アルゼンチンの選手など出場停止と罰金処分,スポーツ,2026-08-25T07:05:00Z
https://news.web.nhk/newsweb/na/nd-20260822de45727,https://news.web.nhk/newsweb/na/nd-20260822de45727,サッカーJ1 第3節 鹿島アントラーズが開幕3連勝,スポーツ,2026-08-25T07:05:00Z
https://news.web.nhk/newsweb/na/nd-20260822de45723,https://news.web.nhk/newsweb/na/nd-20260822de45723,サッカー女子 WEリーグ開幕 連覇ねらう神戸は広島に逆転勝ち,スポーツ,2026-08-25T07:05:00Z
https://news.web.nhk/newsweb/na/nd-20260822de45724,https://news.web.nhk/newsweb/na/nd-20260822de45724,【プロ野球結果】巨人5年目 プロ初先発の代木が初勝利,スポーツ,2026-08-25T07:05:00Z
https://news.web.nhk/newsweb/na/nd-20260822de45704,https://news.web.nhk/newsweb/na/nd-20260822de45704,野球 18歳以下の日本代表に横浜高校 織田翔希投手など18人,スポーツ,2026-08-25T07:05:00Z
https://news.web.nhk/newsweb/na/nd-20260822de45681,https://news.web.nhk/newsweb/na/nd-20260822de45681,夏の甲子園 期間中の熱中症疑い選手 のべ16人 去年より8人減,スポーツ,2026-08-25T07:05:00Z
https://news.web.nhk/newsweb/na/nd-20260822de45660,https://news.web.nhk/newsweb/na/nd-20260822de45660,ドジャース4連勝 山本由伸好投も13勝目ならず 大谷翔平1安打,スポーツ,2026-08-25T07:05:00Z
https://news.web.nhk/newsweb/na/nd-20260822de45658,https://news.web.nhk/newsweb/na/nd-20260822de45658,カブス 鈴木誠也 3試合ぶりにヒットもチームはサヨナラ負け,スポーツ,2026-08-25T07:05:00Z
https://news.web.nhk/newsweb/na/nd-20260822de45650,https://news.web.nhk/newsweb/na/nd-20260822de45650,ホワイトソックス 村上宗隆 無安打もチームはサヨナラ勝ち,スポーツ,2026-08-25T07:05:00Z
https://news.web.nhk/newsweb/na/nd-20260822de45651,https://news.web.nhk/newsweb/na/nd-20260822de45651,ブルージェイズ 岡本和真 7試合連続ヒットもチームは敗れる,スポーツ,2026-08-25T07:05:00Z
https://news.web.nhk/newsweb/na/nd-20260822de45647,https://news.web.nhk/newsweb/na/nd-20260822de45647,女子ゴルフ 米ツアー第2ラウンド 山下美夢有 5打差で首位守る,スポーツ,2026-08-25T07:05:00Z
https://news.web.nhk/newsweb/na/nd-20260822de45639,https://news.web.nhk/newsweb/na/nd-20260822de45639,アジア大会 トーチ掲げリレースタート 名古屋,スポーツ,2026-08-25T07:05:00Z
https://news.web.nhk/newsweb/na/nd-20260820de45392,https://news.web.nhk/newsweb/na/nd-20260820de45392,高校野球 智弁和歌山が優勝 5年ぶり4回目 健大高崎に逆転勝ち,スポーツ,2026-08-25T07:05:00Z
https://news.web.nhk/newsweb/na/nd-20260821de45610,https://news.web.nhk/newsweb/na/nd-20260821de45610,サッカーJ1 第3節 柏レイソルが開幕3連勝,スポーツ,2026-08-25T07:05:00Z
https://news.web.nhk/newsweb/na/nd-20260821de45597,https://news.web.nhk/newsweb/na/nd-20260821de45597,【プロ野球結果】セ・リーグ首位阪神がDeNAに勝利,スポーツ,2026-08-25T07:05:00Z
https://news.web.nhk/newsweb/na/nd-20260820de45391,https://news.web.nhk/newsweb/na/nd-20260820de45391,高校野球 あす決勝 智弁和歌山 健大高崎が調整【見どころは】,スポーツ,2026-08-25T07:05:00Z
https://news.web.nhk/newsweb/na/nd-20260821de45519,https://news.web.nhk/newsweb/na/nd-20260821de45519,女子ゴルフ米ツアー 山下美夢有が単独首位 畑岡が2位で続く,スポーツ,2026-08-25T07:05:00Z
https://news.web.nhk/newsweb/na/nd-20260821de45500,https://news.web.nhk/newsweb/na/nd-20260821de45500,アストロズ 今井達也 リリーフ登板で3回2失点,スポーツ,2026-08-25T07:05:00Z
https://news.web.nhk/newsweb/na/nd-20260821de45457,https://news.web.nhk/newsweb/na/nd-20260821de45457,ブルージェイズ 岡本和真 26号ホームランで勝利に貢献,スポーツ,2026-08-25T07:05:00Z
https://news.web.nhk/newsweb/na/nd-20260821de45438,https://news.web.nhk/newsweb/na/nd-20260821de45438,ホワイトソックス 村上 ノーヒットで30号HRは持ち越し,スポーツ,2026-08-25T07:05:00Z
https://news.web.nhk/newsweb/na/nd-20260820de45416,https://news.web.nhk/newsweb/na/nd-20260820de45416,サッカー日本代表 板倉滉 独1部・メンヘングラートバッハ復帰,スポーツ,2026-08-25T07:05:00Z
https://news.web.nhk/newsweb/na/nd-20260820de45415,https://news.web.nhk/newsweb/na/nd-20260820de45415,サッカー日本代表 アジア杯へ名波氏や長谷部氏らコーチ陣継続,スポーツ,2026-08-25T07:05:00Z
https://news.web.nhk/newsweb/na/nd-20260820de45410,https://news.web.nhk/newsweb/na/nd-20260820de45410,【プロ野球結果】首位ソフトバンクと日本ハムは引き分け,スポーツ,2026-08-25T07:05:00Z
https://news.web.nhk/newsweb/na/nd-20260820de45398,https://news.web.nhk/newsweb/na/nd-20260820de45398,韓国サッカー協会の審判性接待報道 JFA「事実確認できず」,スポーツ,2026-08-25T07:05:00Z
https://news.web.nhk/newsweb/na/nd-20260820de45387,https://news.web.nhk/newsweb/na/nd-20260820de45387,阪神 伊原陵人投手 1軍選手登録を抹消 週刊誌報道を受けて,スポーツ,2026-08-25T07:05:00Z
https://news.web.nhk/newsweb/na/nd-20260820de45388,https://news.web.nhk/newsweb/na/nd-20260820de45388,プロ野球2軍の公式戦 開催などの判断は「暑さ指数」が基準に,スポーツ,2026-08-25T07:05:00Z
https://news.web.nhk/newsweb/na/nd-20260820de45308,https://news.web.nhk/newsweb/na/nd-20260820de45308,アジア大会 聖火リレーへ 32年前の開催地 広島で採火式,スポーツ,2026-08-25T07:05:00Z
https://news.web.nhk/newsweb/na/nd-20260820de45276,https://news.web.nhk/newsweb/na/nd-20260820de45276,ドジャース 佐々木 5回2失点で勝ち負けつかず 大谷は無安打,スポーツ,2026-08-25T07:05:00Z
https://news.web.nhk/newsweb/na/nd-20260820de45238,https://news.web.nhk/newsweb/na/nd-20260820de45238,ブルージェイズ 岡本和真 タイムリーヒットもチームは競り負け,スポーツ,2026-08-25T07:05:00Z
https://news.web.nhk/newsweb/na/nd-20260820de45218,https://news.web.nhk/newsweb/na/nd-20260820de45218,ホワイトソックス村上とカブス鈴木 ともに先発出場も無安打,スポーツ,2026-08-25T07:05:00Z
https://news.web.nhk/newsweb/na/nd-20260820de45211,https://news.web.nhk/newsweb/na/nd-20260820de45211,メッツ 千賀滉大 1失点も4試合連続セーブ,スポーツ,2026-08-25T07:05:00Z
https://news.web.nhk/newsweb/na/nd-20260819de45039,https://news.web.nhk/newsweb/na/nd-20260819de45039,高校野球 健大高崎が初の決勝進出 天理に競り勝つ【詳報】,スポーツ,2026-08-25T07:05:00Z
https://news.web.nhk/newsweb/na/nd-20260819de45038,https://news.web.nhk/newsweb/na/nd-20260819de45038,高校野球 智弁和歌山 5年ぶり決勝へ 横浜に逆転勝ち【詳報】,スポーツ,2026-08-25T07:05:00Z
https://news.web.nhk/newsweb/na/nd-20260819de45171,https://news.web.nhk/newsweb/na/nd-20260819de45171,サッカー天皇杯1回戦 24試合結果 カズが2得点,スポーツ,2026-08-25T07:05:00Z
https://news.web.nhk/newsweb/na/nd-20260819de45157,https://news.web.nhk/newsweb/na/nd-20260819de45157,【プロ野球結果】日本ハムが首位ソフトバンクにサヨナラ勝ち,スポーツ,2026-08-25T07:05:00Z
https://news.web.nhk/newsweb/na/nd-20260819de45160,https://news.web.nhk/newsweb/na/nd-20260819de45160,59歳 カズ 三浦知良 サッカー天皇杯で2得点 福島ユナイテッド,スポーツ,2026-08-25T07:05:00Z
https://news.web.nhk/newsweb/na/nd-20260818de44774,https://news.web.nhk/newsweb/na/nd-20260818de44774,高校野球 夏の甲子園 準決勝へ前日練習 【試合の見どころも】,スポーツ,2026-08-25T07:05:00Z
https://news.web.nhk/newsweb/na/nd-20260819de45073,https://news.web.nhk/newsweb/na/nd-20260819de45073,天皇皇后両陛下 アジア大会開会式出席で9月に愛知県へ,スポーツ,2026-08-25T07:05:00Z
https://news.web.nhk/newsweb/na/nd-20260819de45104,https://news.web.nhk/newsweb/na/nd-20260819de45104,日本代表GK 鈴木彩艶がプレミアリーグ アストンビラに移籍へ,スポーツ,2026-08-25T07:05:00Z
https://news.web.nhk/newsweb/na/nd-20260819de45070,https://news.web.nhk/newsweb/na/nd-20260819de45070,アジア大会 日本選手団の結団式 旗手の藤波朱理が意気込み,スポーツ,2026-08-25T07:05:00Z
https://news.web.nhk/newsweb/na/nd-20260819de45056,https://news.web.nhk/newsweb/na/nd-20260819de45056,ホワイトソックス村上宗隆 29号ホームラン シーズン30号に王手,スポーツ,2026-08-25T07:05:00Z
https://news.web.nhk/newsweb/na/nd-20260819de44953,https://news.web.nhk/newsweb/na/nd-20260819de44953,レッドソックス吉田 けがは「深刻」 復帰は早くても今季終盤か,スポーツ,2026-08-25T07:05:00Z
https://news.web.nhk/newsweb/na/nd-20260819de44958,https://news.web.nhk/newsweb/na/nd-20260819de44958,ブルージェイズ 岡本和真 17試合ぶりの25号ホームラン,スポーツ,2026-08-25T07:05:00Z
https://news.web.nhk/newsweb/na/nd-20260819de44941,https://news.web.nhk/newsweb/na/nd-20260819de44941,ドジャース 大谷翔平 6年連続30号ホームラン チームは2連勝,スポーツ,2026-08-25T07:05:00Z
https://news.web.nhk/newsweb/na/nd-20260818de44857,https://news.web.nhk/newsweb/na/nd-20260818de44857,高校野球 健大高崎が有明に延長の末サヨナラ勝ち 初のベスト4,スポーツ,2026-08-25T07:05:00Z
https://news.web.nhk/newsweb/na/nd-20260818de44693,https://news.web.nhk/newsweb/na/nd-20260818de44693,夏の甲子園 全試合をハイライト動画で【準々決勝から決勝】,スポーツ,2026-08-25T07:05:00Z
